{"stats":{"minecraft:killed":{"alexsmobs:raccoon":1,"minecraft:spider":2,"alexsmobs:tasmanian_devil":1,"enemyexpansion:direwolf":3,"minecraft:skeleton":5,"steam_powered:giant_crab":1,"minecraft:pig":3,"alexsmobs:seal":2,"minecraft:bat":1,"minecraft:sheep":12,"enemyexpansion:meature":2,"minecraft:zombie":11},"minecraft:crafted":{"minecraft:wooden_sword":1,"minecraft:smooth_stone":17,"minecraft:oak_planks":164,"minecraft:furnace":1,"minecraft:stone":3,"newshieldvariants:gold_shield":1,"minecraft:cooked_mutton":15,"iceandfire:armor_copper_metal_boots":1,"iceandfire:armor_copper_metal_helmet":1,"minecraft:glass":64,"minecraft:spruce_stairs":30,"minecraft:iron_boots":2,"iceandfire:armor_silver_metal_leggings":1,"minecraft:iron_axe":1,"minecraft:spruce_wood":3,"minecraft:stone_pickaxe":7,"iceandfire:armor_copper_metal_chestplate":1,"minecraft:chest":2,"iceandfire:copper_pickaxe":2,"minecraft:emerald":4,"iceandfire:silver_ingot":22,"minecraft:cooked_porkchop":1,"minecraft:crafting_table":8,"minecraft:spruce_planks":208,"minecraft:iron_helmet":2,"minecraft:wooden_pickaxe":2,"minecraft:iron_sword":1,"minecraft:golden_pickaxe":1,"steam_powered:tin_ingot":18,"minecraft:air":0,"minecraft:iron_chestplate":1,"minecraft:golden_apple":4,"minecraft:stick":136,"minecraft:iron_ingot":57,"minecraft:iron_pickaxe":2,"minecraft:wooden_axe":2,"minecraft:iron_shovel":1,"minecraft:iron_leggings":2,"minecraft:gold_ingot":42,"minecraft:torch":160,"iceandfire:silver_pickaxe":3,"iceandfire:silver_sword":1},"minecraft:custom":{"minecraft:mob_kills":53,"minecraft:interact_with_crafting_table":81,"minecraft:open_barrel":3,"minecraft:bell_ring":1,"minecraft:leave_game":6,"minecraft:time_since_death":25790,"minecraft:climb_one_cm":2192,"minecraft:sprint_one_cm":508314,"minecraft:walk_one_cm":1343089,"minecraft:damage_blocked_by_shield":535,"minecraft:drop":88,"minecraft:play_noteblock":2,"minecraft:talked_to_villager":45,"minecraft:play_time":323821,"minecraft:deaths":9,"minecraft:sneak_time":1035,"minecraft:walk_under_water_one_cm":40077,"minecraft:interact_with_brewingstand":2,"minecraft:jump":4366,"minecraft:interact_with_blast_furnace":10,"minecraft:walk_on_water_one_cm":52433,"minecraft:total_world_time":323821,"minecraft:interact_with_furnace":101,"minecraft:traded_with_villager":4,"minecraft:interact_with_cartography_table":2,"minecraft:tune_noteblock":5,"minecraft:interact_with_loom":2,"minecraft:interact_with_stonecutter":2,"minecraft:interact_with_grindstone":2,"minecraft:sleep_in_bed":12,"minecraft:time_since_rest":3235,"minecraft:damage_taken":4895,"minecraft:damage_absorbed":40,"minecraft:trigger_trapped_chest":1,"minecraft:damage_dealt":8625,"minecraft:fly_one_cm":824192,"minecraft:open_chest":196,"minecraft:crouch_one_cm":2446,"minecraft:fall_one_cm":94972},"minecraft:dropped":{"minecraft:iron_sword":1,"minecraft:porkchop":1,"minecraft:brown_mushroom":3,"minecraft:wheat_seeds":3,"minecraft:lapis_lazuli":25,"minecraft:mossy_cobblestone":3,"minecraft:dripstone_block":9,"iceandfire:armor_copper_metal_chestplate":2,"minecraft:cobblestone":52,"minecraft:book":18,"minecraft:copper_ingot":3,"minecraft:golden_apple":2,"minecraft:gold_block":1,"minecraft:dirt":29,"minecraft:diorite":19,"minecraft:torch":25,"minecraft:wooden_axe":1,"iceandfire:armor_copper_metal_boots":1,"minecraft:iron_leggings":3,"minecraft:stripped_birch_log":68,"iceandfire:copper_pickaxe":3,"minecraft:wither_rose":1,"minecraft:smooth_stone":34,"minecraft:paper":3,"minecraft:iron_shovel":1,"minecraft:white_wool":4,"minecraft:bone":5,"minecraft:gravel":2,"minecraft:compass":1,"minecraft:sweet_berries":4,"minecraft:iron_nugget":2,"minecraft:coarse_dirt":1,"minecraft:wheat":4,"minecraft:cobbled_deepslate":112,"minecraft:tuff":16,"minecraft:raw_iron":16,"minecraft:pointed_dripstone":22,"minecraft:rotten_flesh":3,"steam_powered:tin_ingot":18,"minecraft:spruce_fence":1,"minecraft:gunpowder":1,"minecraft:skeleton_skull":3,"minecraft:andesite":4,"minecraft:purple_bed":2,"minecraft:arrow":3,"minecraft:wooden_pickaxe":2,"minecraft:lectern":2},"minecraft:killed_by":{"alexsmobs:tusklin":1,"man:managgresive":2,"enemyexpansion:sprinter":1,"alexsmobs:grizzly_bear":1,"enemyexpansion:vampflyer":1,"iceandfire:fire_dragon":1,"enemyexpansion:invisicreeper":1},"minecraft:picked_up":{"minecraft:coarse_dirt":1,"minecraft:crafting_table":4,"minecraft:wheat":2,"minecraft:clay_ball":92,"minecraft:brown_mushroom":3,"iceandfire:armor_copper_metal_chestplate":1,"minecraft:brown_bed":2,"minecraft:wither_rose":4,"minecraft:gold_block":2,"minecraft:string":3,"minecraft:red_bed":2,"minecraft:raw_copper":113,"minecraft:iron_axe":1,"minecraft:iron_leggings":2,"steam_powered:tin_ingot":18,"minecraft:compass":1,"minecraft:zombie_head":1,"minecraft:smooth_stone":17,"minecraft:cobbled_deepslate":763,"minecraft:spruce_planks":112,"steam_powered:raw_zinc":11,"minecraft:sugar_cane":2,"minecraft:lectern":2,"minecraft:chest":6,"minecraft:furnace":1,"iceandfire:copper_pickaxe":2,"minecraft:stick":7,"minecraft:raw_iron":101,"minecraft:oak_fence":3,"minecraft:spruce_stairs":5,"minecraft:spruce_fence":1,"minecraft:porkchop":5,"minecraft:pointed_dripstone":44,"minecraft:diorite":20,"iceandfire:armor_copper_metal_boots":1,"minecraft:carrot":1,"minecraft:redstone":65,"minecraft:arrow":4,"minecraft:rotten_flesh":18,"minecraft:mutton":20,"minecraft:rail":2,"minecraft:snowball":14,"minecraft:skeleton_skull":3,"minecraft:white_wool":10,"minecraft:cobblestone":496,"minecraft:enchanting_table":1,"minecraft:andesite":60,"minecraft:orange_carpet":3,"minecraft:flint":3,"minecraft:tuff":80,"minecraft:oak_log":20,"minecraft:yellow_bed":1,"minecraft:gunpowder":3,"minecraft:lapis_lazuli":85,"minecraft:gray_concrete":1,"minecraft:stripped_birch_log":68,"minecraft:dirt":215,"minecraft:bone":7,"minecraft:apple":64,"minecraft:stonecutter":1,"minecraft:wheat_seeds":3,"minecraft:raw_gold":50,"minecraft:iron_sword":1,"minecraft:oak_planks":9,"minecraft:book":57,"minecraft:sweet_berries":28,"minecraft:dripstone_block":9,"minecraft:gravel":23,"minecraft:blast_furnace":3,"minecraft:spruce_log":20,"minecraft:mossy_cobblestone":3,"minecraft:purple_bed":5,"minecraft:diamond":1,"iceandfire:silver_sword":1,"steam_powered:raw_tin":16,"minecraft:granite":53,"minecraft:gray_wool":2,"minecraft:bread":35,"alexsmobs:maggot":2,"minecraft:coal":351,"iceandfire:raw_silver":24},"minecraft:broken":{"iceandfire:silver_pickaxe":2,"minecraft:stone_pickaxe":5,"minecraft:iron_pickaxe":1},"minecraft:mined":{"minecraft:tuff":71,"iceandfire:silver_ore":24,"minecraft:mossy_cobblestone":3,"minecraft:deepslate_diamond_ore":1,"minecraft:stripped_birch_log":68,"minecraft:glow_lichen":2,"minecraft:granite":53,"minecraft:grass_block":85,"minecraft:spruce_fence":1,"minecraft:spruce_leaves":26,"steam_powered:tin_ore":16,"minecraft:large_fern":4,"steam_powered:zinc_ore":14,"minecraft:furnace":1,"minecraft:iron_ore":76,"minecraft:cobbled_deepslate":1,"minecraft:snow":8,"minecraft:andesite":59,"minecraft:deepslate_lapis_ore":7,"minecraft:gold_block":2,"minecraft:brown_bed":2,"minecraft:stripped_dark_oak_wood":1,"minecraft:enchanting_table":1,"minecraft:bookshelf":20,"minecraft:pointed_dripstone":13,"minecraft:deepslate_iron_ore":26,"minecraft:vine":1,"iceandfire:frost_lily":1,"minecraft:stone":476,"minecraft:deepslate_redstone_ore":14,"minecraft:oak_slab":3,"minecraft:brown_mushroom":3,"minecraft:gray_concrete":1,"minecraft:red_bed":2,"minecraft:brown_stained_glass_pane":2,"minecraft:clay":23,"minecraft:oak_fence":3,"minecraft:crafting_table":4,"minecraft:blast_furnace":3,"minecraft:chest":6,"minecraft:lectern":2,"minecraft:copper_ore":30,"minecraft:tall_grass":6,"minecraft:cobblestone":1,"minecraft:deepslate_gold_ore":50,"minecraft:lapis_ore":5,"minecraft:sugar_cane":1,"minecraft:diorite":19,"minecraft:wall_torch":1,"minecraft:orange_carpet":3,"minecraft:skeleton_skull":1,"minecraft:spruce_stairs":5,"minecraft:gray_wool":1,"minecraft:purple_bed":1,"minecraft:coarse_dirt":1,"minecraft:birch_log":2,"minecraft:sweet_berry_bush":12,"minecraft:ice":39,"minecraft:spruce_log":14,"minecraft:yellow_bed":1,"minecraft:wither_rose":4,"minecraft:grass":6,"minecraft:oak_log":20,"minecraft:coal_ore":297,"minecraft:zombie_head":1,"minecraft:gravel":27,"minecraft:dirt":128,"minecraft:dripstone_block":12,"minecraft:cobweb":1,"minecraft:stonecutter":1,"minecraft:oak_leaves":1,"minecraft:deepslate":711,"minecraft:fern":1},"minecraft:used":{"minecraft:iron_shovel":89,"minecraft:enchanting_table":1,"iceandfire:silver_sword":86,"minecraft:chest":8,"minecraft:spruce_planks":32,"minecraft:iron_sword":174,"minecraft:torch":41,"minecraft:rotten_flesh":2,"minecraft:dirt":88,"minecraft:mutton":1,"minecraft:spruce_stairs":34,"minecraft:granite":3,"minecraft:wooden_axe":40,"minecraft:iron_axe":209,"iceandfire:copper_pickaxe":5,"minecraft:sweet_berries":47,"minecraft:furnace":1,"minecraft:potato":15,"minecraft:cobbled_deepslate":25,"minecraft:brown_bed":2,"minecraft:cooked_mutton":3,"minecraft:oak_planks":30,"minecraft:stone_pickaxe":666,"minecraft:brown_mushroom":1,"minecraft:wooden_pickaxe":56,"minecraft:white_wool":2,"minecraft:golden_apple":1,"minecraft:crafting_table":11,"minecraft:red_bed":1,"minecraft:blast_furnace":2,"minecraft:gray_concrete":1,"minecraft:spruce_log":1,"iceandfire:silver_pickaxe":1210,"minecraft:oak_log":6,"minecraft:apple":35,"minecraft:zombie_head":1,"minecraft:bread":24,"minecraft:iron_pickaxe":299,"minecraft:gravel":2,"minecraft:purple_bed":2,"minecraft:cobblestone":103,"minecraft:potion":1,"minecraft:porkchop":3,"minecraft:cooked_porkchop":1,"minecraft:wither_rose":3,"minecraft:golden_pickaxe":3,"minecraft:gray_wool":1,"newshieldvariants:gold_shield":13}},"DataVersion":3465}