{"stats":{"minecraft:mined":{"minecraft:deepslate_redstone_ore":10,"minecraft:tuff":62,"minecraft:brown_mushroom":2,"iceandfire:silver_ore":22,"minecraft:glow_lichen":2,"minecraft:granite":52,"minecraft:grass_block":83,"minecraft:lectern":1,"minecraft:copper_ore":30,"minecraft:tall_grass":4,"minecraft:cobblestone":1,"minecraft:spruce_leaves":8,"minecraft:deepslate_gold_ore":2,"minecraft:lapis_ore":4,"steam_powered:tin_ore":16,"minecraft:diorite":15,"minecraft:orange_carpet":3,"minecraft:skeleton_skull":1,"minecraft:large_fern":1,"minecraft:spruce_stairs":5,"steam_powered:zinc_ore":7,"minecraft:iron_ore":52,"minecraft:cobbled_deepslate":1,"minecraft:sweet_berry_bush":1,"minecraft:snow":8,"minecraft:spruce_log":8,"minecraft:andesite":55,"minecraft:deepslate_lapis_ore":4,"minecraft:wither_rose":4,"minecraft:gold_block":1,"minecraft:grass":6,"minecraft:oak_log":3,"minecraft:bookshelf":6,"minecraft:pointed_dripstone":13,"minecraft:coal_ore":236,"minecraft:deepslate_iron_ore":5,"minecraft:vine":1,"minecraft:zombie_head":1,"minecraft:gravel":26,"minecraft:dripstone_block":12,"minecraft:dirt":112,"minecraft:cobweb":1,"iceandfire:frost_lily":1,"minecraft:stone":460,"minecraft:deepslate":678,"minecraft:fern":1},"minecraft:killed":{"minecraft:pig":2,"minecraft:spider":2,"minecraft:zombie":1},"minecraft:picked_up":{"minecraft:andesite":55,"minecraft:orange_carpet":3,"minecraft:brown_mushroom":2,"minecraft:wither_rose":4,"minecraft:gold_block":1,"minecraft:flint":3,"minecraft:tuff":70,"minecraft:oak_log":3,"minecraft:gunpowder":2,"minecraft:dirt":191,"minecraft:lapis_lazuli":60,"minecraft:string":3,"minecraft:raw_copper":113,"minecraft:iron_axe":1,"minecraft:zombie_head":1,"minecraft:wheat_seeds":2,"minecraft:smooth_stone":17,"minecraft:cobbled_deepslate":724,"minecraft:raw_gold":2,"minecraft:spruce_planks":112,"steam_powered:raw_zinc":6,"minecraft:lectern":2,"minecraft:book":18,"minecraft:raw_iron":57,"minecraft:sweet_berries":3,"minecraft:spruce_stairs":5,"minecraft:dripstone_block":9,"minecraft:gravel":22,"minecraft:porkchop":4,"minecraft:pointed_dripstone":44,"minecraft:diorite":15,"minecraft:spruce_log":15,"minecraft:redstone":48,"minecraft:rotten_flesh":3,"iceandfire:silver_sword":1,"steam_powered:raw_tin":16,"minecraft:granite":52,"minecraft:bread":35,"minecraft:skeleton_skull":3,"minecraft:coal":226,"minecraft:snowball":14,"iceandfire:raw_silver":22,"minecraft:cobblestone":476},"minecraft:dropped":{"minecraft:gravel":2,"minecraft:brown_mushroom":1,"minecraft:wheat_seeds":2,"minecraft:cobbled_deepslate":103,"minecraft:tuff":16,"minecraft:dripstone_block":9,"minecraft:pointed_dripstone":22,"minecraft:cobblestone":47,"minecraft:book":18,"minecraft:gold_block":1,"minecraft:dirt":21,"minecraft:diorite":14,"minecraft:skeleton_skull":3,"minecraft:wither_rose":1,"minecraft:smooth_stone":34,"minecraft:iron_shovel":1,"minecraft:lectern":2},"minecraft:broken":{"minecraft:stone_pickaxe":5,"iceandfire:silver_pickaxe":2},"minecraft:killed_by":{"enemyexpansion:vampflyer":1,"alexsmobs:tusklin":1,"enemyexpansion:invisicreeper":1},"minecraft:used":{"minecraft:iron_shovel":77,"iceandfire:silver_sword":86,"minecraft:stone_pickaxe":646,"minecraft:spruce_planks":4,"minecraft:rotten_flesh":2,"minecraft:torch":41,"minecraft:dirt":75,"minecraft:crafting_table":1,"minecraft:spruce_stairs":34,"minecraft:granite":3,"minecraft:spruce_log":1,"iceandfire:silver_pickaxe":1210,"minecraft:wooden_axe":13,"minecraft:iron_axe":44,"minecraft:zombie_head":1,"minecraft:bread":20,"minecraft:gravel":1,"minecraft:cobblestone":103,"minecraft:sweet_berries":12,"minecraft:porkchop":3,"minecraft:cooked_porkchop":1,"minecraft:wither_rose":3,"minecraft:potato":15,"minecraft:cobbled_deepslate":16},"minecraft:crafted":{"minecraft:wooden_sword":1,"minecraft:smooth_stone":17,"minecraft:cooked_porkchop":1,"iceandfire:silver_ingot":20,"minecraft:crafting_table":1,"minecraft:spruce_planks":176,"minecraft:iron_helmet":1,"steam_powered:tin_ingot":1,"minecraft:stone":3,"minecraft:glass":64,"minecraft:spruce_stairs":30,"minecraft:iron_boots":1,"minecraft:iron_chestplate":1,"iceandfire:armor_silver_metal_leggings":1,"minecraft:stick":112,"minecraft:iron_ingot":21,"minecraft:stone_pickaxe":6,"minecraft:wooden_axe":1,"minecraft:torch":160,"iceandfire:silver_pickaxe":3,"iceandfire:silver_sword":1},"minecraft:custom":{"minecraft:interact_with_furnace":44,"minecraft:mob_kills":13,"minecraft:interact_with_crafting_table":24,"minecraft:interact_with_cartography_table":1,"minecraft:interact_with_stonecutter":2,"minecraft:leave_game":2,"minecraft:time_since_death":3992,"minecraft:sleep_in_bed":2,"minecraft:time_since_rest":4222,"minecraft:sprint_one_cm":203802,"minecraft:damage_taken":2246,"minecraft:walk_one_cm":689813,"minecraft:trigger_trapped_chest":1,"minecraft:drop":25,"minecraft:damage_dealt":2729,"minecraft:talked_to_villager":2,"minecraft:fly_one_cm":218242,"minecraft:open_chest":78,"minecraft:play_time":160879,"minecraft:crouch_one_cm":1800,"minecraft:deaths":4,"minecraft:sneak_time":412,"minecraft:walk_under_water_one_cm":10555,"minecraft:jump":2207,"minecraft:walk_on_water_one_cm":17794,"minecraft:total_world_time":160879,"minecraft:fall_one_cm":48290}},"DataVersion":3465}