{"stats":{"minecraft:killed":{"alexsmobs:raccoon":1,"minecraft:spider":2,"alexsmobs:tasmanian_devil":1,"enemyexpansion:direwolf":3,"minecraft:skeleton":5,"steam_powered:giant_crab":1,"minecraft:pig":3,"alexsmobs:seal":2,"minecraft:bat":1,"minecraft:sheep":12,"enemyexpansion:meature":2,"minecraft:zombie":11},"minecraft:crafted":{"minecraft:brick":120,"minecraft:wooden_sword":1,"minecraft:smooth_stone":18,"minecraft:oak_planks":164,"minecraft:furnace":1,"minecraft:stone":33,"newshieldvariants:gold_shield":1,"minecraft:cooked_mutton":15,"iceandfire:armor_copper_metal_boots":1,"iceandfire:armor_copper_metal_helmet":1,"minecraft:glass":64,"minecraft:spruce_stairs":30,"minecraft:iron_boots":2,"iceandfire:armor_silver_metal_leggings":1,"minecraft:iron_axe":1,"minecraft:spruce_wood":3,"minecraft:stone_pickaxe":7,"iceandfire:armor_copper_metal_chestplate":1,"minecraft:chest":2,"iceandfire:copper_pickaxe":2,"minecraft:emerald":14,"iceandfire:silver_ingot":22,"minecraft:cooked_porkchop":1,"minecraft:crafting_table":8,"minecraft:spruce_planks":208,"minecraft:iron_helmet":2,"minecraft:wooden_pickaxe":2,"minecraft:iron_sword":1,"minecraft:golden_pickaxe":1,"steam_powered:tin_ingot":18,"minecraft:air":0,"minecraft:iron_chestplate":1,"minecraft:golden_apple":4,"minecraft:stick":192,"minecraft:iron_ingot":88,"minecraft:iron_pickaxe":4,"minecraft:wooden_axe":2,"minecraft:iron_shovel":1,"minecraft:iron_leggings":2,"minecraft:gold_ingot":48,"minecraft:torch":160,"iceandfire:silver_pickaxe":3,"iceandfire:silver_sword":1},"minecraft:custom":{"minecraft:mob_kills":53,"minecraft:interact_with_crafting_table":84,"minecraft:open_barrel":3,"minecraft:bell_ring":1,"minecraft:leave_game":6,"minecraft:time_since_death":61790,"minecraft:climb_one_cm":2192,"minecraft:sprint_one_cm":605223,"minecraft:walk_one_cm":1458341,"minecraft:damage_blocked_by_shield":545,"minecraft:drop":106,"minecraft:play_noteblock":2,"minecraft:talked_to_villager":68,"minecraft:play_time":359821,"minecraft:deaths":9,"minecraft:sneak_time":1035,"minecraft:walk_under_water_one_cm":42245,"minecraft:interact_with_brewingstand":2,"minecraft:jump":4967,"minecraft:interact_with_blast_furnace":32,"minecraft:walk_on_water_one_cm":55303,"minecraft:total_world_time":359821,"minecraft:interact_with_furnace":128,"minecraft:traded_with_villager":26,"minecraft:interact_with_cartography_table":2,"minecraft:tune_noteblock":5,"minecraft:interact_with_loom":2,"minecraft:interact_with_stonecutter":2,"minecraft:interact_with_grindstone":2,"minecraft:sleep_in_bed":14,"minecraft:time_since_rest":12704,"minecraft:damage_taken":4940,"minecraft:damage_absorbed":40,"minecraft:trigger_trapped_chest":1,"minecraft:damage_dealt":8657,"minecraft:swim_one_cm":21,"minecraft:fly_one_cm":967583,"minecraft:open_chest":225,"minecraft:crouch_one_cm":2446,"minecraft:fall_one_cm":104091},"minecraft:dropped":{"minecraft:iron_sword":1,"minecraft:porkchop":1,"minecraft:brown_mushroom":3,"minecraft:wheat_seeds":3,"minecraft:lapis_lazuli":25,"minecraft:mossy_cobblestone":3,"minecraft:dripstone_block":9,"iceandfire:armor_copper_metal_chestplate":2,"minecraft:cobblestone":161,"minecraft:book":18,"minecraft:cracked_stone_bricks":1,"minecraft:copper_ingot":3,"minecraft:golden_apple":2,"minecraft:gold_block":1,"minecraft:dirt":29,"minecraft:diorite":19,"minecraft:torch":25,"minecraft:wooden_axe":1,"iceandfire:armor_copper_metal_boots":1,"minecraft:iron_leggings":3,"minecraft:stripped_birch_log":68,"iceandfire:copper_pickaxe":3,"minecraft:wither_rose":1,"minecraft:smooth_stone":35,"minecraft:paper":3,"minecraft:iron_shovel":1,"minecraft:white_wool":4,"minecraft:redstone":17,"minecraft:bone":7,"minecraft:gravel":2,"minecraft:compass":1,"minecraft:sweet_berries":4,"minecraft:sugar_cane":2,"alexsmobs:animal_dictionary":1,"minecraft:iron_nugget":2,"minecraft:coarse_dirt":1,"minecraft:wheat":4,"minecraft:cobbled_deepslate":116,"minecraft:tuff":26,"minecraft:raw_iron":16,"minecraft:pointed_dripstone":22,"minecraft:rotten_flesh":5,"steam_powered:tin_ingot":18,"minecraft:oak_planks":1,"minecraft:spruce_fence":1,"minecraft:gunpowder":1,"minecraft:skeleton_skull":3,"minecraft:andesite":34,"minecraft:purple_bed":2,"minecraft:stone_bricks":3,"minecraft:arrow":5,"minecraft:wooden_pickaxe":2,"minecraft:lectern":2,"minecraft:egg":1},"minecraft:killed_by":{"alexsmobs:tusklin":1,"man:managgresive":2,"enemyexpansion:sprinter":1,"alexsmobs:grizzly_bear":1,"enemyexpansion:vampflyer":1,"iceandfire:fire_dragon":1,"enemyexpansion:invisicreeper":1},"minecraft:picked_up":{"minecraft:coarse_dirt":1,"minecraft:crafting_table":5,"minecraft:wheat":2,"minecraft:clay_ball":92,"minecraft:brown_mushroom":3,"iceandfire:armor_copper_metal_chestplate":1,"minecraft:brown_bed":2,"minecraft:wither_rose":4,"minecraft:gold_block":2,"minecraft:string":3,"minecraft:red_bed":2,"minecraft:raw_copper":113,"minecraft:iron_axe":1,"minecraft:iron_leggings":2,"steam_powered:tin_ingot":18,"minecraft:compass":1,"minecraft:zombie_head":1,"minecraft:cracked_stone_bricks":1,"minecraft:smooth_stone":17,"minecraft:cobbled_deepslate":768,"minecraft:spruce_planks":112,"steam_powered:raw_zinc":11,"minecraft:sugar_cane":2,"minecraft:lectern":2,"minecraft:chest":6,"minecraft:egg":1,"minecraft:furnace":1,"iceandfire:copper_pickaxe":2,"minecraft:stick":7,"minecraft:raw_iron":124,"minecraft:oak_fence":3,"minecraft:spruce_stairs":5,"minecraft:spruce_fence":1,"minecraft:porkchop":5,"minecraft:pointed_dripstone":44,"minecraft:diorite":26,"iceandfire:armor_copper_metal_boots":1,"minecraft:carrot":1,"minecraft:redstone":82,"minecraft:arrow":5,"minecraft:rotten_flesh":18,"minecraft:mutton":20,"minecraft:rail":2,"minecraft:snowball":14,"minecraft:skeleton_skull":3,"minecraft:white_wool":10,"minecraft:cobblestone":614,"minecraft:enchanting_table":1,"minecraft:andesite":90,"minecraft:orange_carpet":3,"minecraft:flint":3,"minecraft:tuff":80,"minecraft:oak_log":20,"minecraft:yellow_bed":2,"minecraft:gunpowder":3,"minecraft:lapis_lazuli":85,"minecraft:gray_concrete":1,"minecraft:stripped_birch_log":68,"minecraft:dirt":216,"minecraft:bone":7,"minecraft:apple":64,"minecraft:stone_bricks":6,"minecraft:stonecutter":1,"minecraft:wheat_seeds":3,"minecraft:raw_gold":50,"minecraft:iron_ingot":10,"minecraft:iron_sword":1,"minecraft:oak_planks":9,"minecraft:book":57,"minecraft:sweet_berries":28,"minecraft:dripstone_block":9,"minecraft:gravel":23,"minecraft:spruce_sapling":1,"minecraft:blast_furnace":5,"minecraft:spruce_log":20,"minecraft:mossy_cobblestone":3,"minecraft:purple_bed":6,"minecraft:diamond":1,"iceandfire:silver_sword":1,"steam_powered:raw_tin":16,"minecraft:granite":53,"minecraft:gray_wool":2,"minecraft:bread":35,"alexsmobs:maggot":2,"minecraft:coal":433,"iceandfire:raw_silver":27},"minecraft:broken":{"iceandfire:silver_pickaxe":2,"minecraft:stone_pickaxe":5,"minecraft:iron_pickaxe":2},"minecraft:mined":{"minecraft:tuff":71,"iceandfire:silver_ore":27,"minecraft:mossy_cobblestone":3,"minecraft:deepslate_diamond_ore":1,"minecraft:stripped_birch_log":68,"minecraft:glow_lichen":2,"minecraft:granite":53,"minecraft:grass_block":86,"minecraft:spruce_fence":1,"minecraft:spruce_leaves":29,"steam_powered:tin_ore":16,"minecraft:large_fern":5,"steam_powered:zinc_ore":15,"minecraft:furnace":1,"minecraft:iron_ore":99,"minecraft:cobbled_deepslate":1,"minecraft:snow":8,"minecraft:andesite":89,"minecraft:deepslate_lapis_ore":7,"minecraft:gold_block":2,"minecraft:brown_bed":2,"minecraft:stripped_dark_oak_wood":1,"minecraft:enchanting_table":1,"minecraft:bookshelf":20,"minecraft:pointed_dripstone":13,"minecraft:deepslate_iron_ore":28,"minecraft:vine":1,"iceandfire:frost_lily":1,"minecraft:stone":596,"minecraft:deepslate_redstone_ore":14,"minecraft:oak_slab":3,"minecraft:brown_mushroom":3,"minecraft:gray_concrete":1,"minecraft:red_bed":2,"minecraft:brown_stained_glass_pane":2,"minecraft:clay":23,"minecraft:oak_fence":3,"minecraft:crafting_table":5,"minecraft:blast_furnace":5,"minecraft:chest":6,"minecraft:lectern":2,"minecraft:copper_ore":30,"minecraft:tall_grass":6,"minecraft:cobblestone":1,"minecraft:deepslate_gold_ore":50,"minecraft:lapis_ore":5,"minecraft:sugar_cane":1,"minecraft:diorite":43,"minecraft:wall_torch":1,"minecraft:orange_carpet":3,"minecraft:skeleton_skull":1,"minecraft:spruce_stairs":5,"minecraft:gray_wool":1,"minecraft:purple_bed":2,"minecraft:coarse_dirt":1,"minecraft:birch_log":2,"minecraft:sweet_berry_bush":12,"minecraft:ice":39,"minecraft:spruce_log":14,"minecraft:yellow_bed":2,"minecraft:wither_rose":4,"minecraft:grass":6,"minecraft:oak_log":20,"minecraft:coal_ore":380,"minecraft:zombie_head":1,"minecraft:gravel":27,"minecraft:dirt":130,"minecraft:dripstone_block":12,"minecraft:cobweb":1,"minecraft:cracked_stone_bricks":1,"minecraft:stone_bricks":3,"minecraft:stonecutter":1,"minecraft:oak_leaves":1,"minecraft:deepslate":717,"minecraft:fern":1},"minecraft:used":{"minecraft:iron_shovel":91,"minecraft:enchanting_table":1,"iceandfire:silver_sword":86,"minecraft:chest":8,"minecraft:spruce_planks":32,"minecraft:iron_sword":179,"minecraft:torch":41,"minecraft:rotten_flesh":2,"minecraft:dirt":88,"minecraft:mutton":1,"minecraft:spruce_stairs":34,"minecraft:granite":3,"minecraft:wooden_axe":40,"minecraft:iron_axe":211,"iceandfire:copper_pickaxe":9,"minecraft:sweet_berries":47,"minecraft:furnace":1,"minecraft:potato":15,"minecraft:cobbled_deepslate":44,"minecraft:brown_bed":2,"minecraft:cooked_mutton":9,"minecraft:oak_planks":30,"minecraft:stone_pickaxe":666,"minecraft:brown_mushroom":1,"minecraft:wooden_pickaxe":56,"minecraft:white_wool":2,"minecraft:golden_apple":1,"minecraft:crafting_table":13,"minecraft:red_bed":1,"minecraft:blast_furnace":5,"minecraft:gray_concrete":1,"minecraft:spruce_log":1,"iceandfire:silver_pickaxe":1210,"minecraft:oak_log":6,"minecraft:apple":35,"minecraft:zombie_head":1,"minecraft:bread":24,"minecraft:iron_pickaxe":583,"minecraft:gravel":2,"minecraft:purple_bed":4,"minecraft:cobblestone":103,"minecraft:potion":1,"minecraft:porkchop":3,"minecraft:cooked_porkchop":1,"alexsmobs:animal_dictionary":1,"minecraft:wither_rose":3,"minecraft:golden_pickaxe":15,"minecraft:gray_wool":1,"newshieldvariants:gold_shield":14}},"DataVersion":3465}