{"stats":{"minecraft:killed":{"minecraft:spider":1},"minecraft:crafted":{"minecraft:wooden_sword":1,"minecraft:crafting_table":1,"minecraft:spruce_planks":32,"minecraft:stick":8,"minecraft:stone_pickaxe":1,"minecraft:wooden_axe":1},"minecraft:custom":{"minecraft:time_since_rest":9890,"minecraft:crouch_one_cm":478,"minecraft:play_time":10448,"minecraft:sprint_one_cm":1562,"minecraft:walk_one_cm":40528,"minecraft:damage_taken":450,"minecraft:deaths":1,"minecraft:sneak_time":61,"minecraft:mob_kills":1,"minecraft:jump":60,"minecraft:damage_dealt":73,"minecraft:time_since_death":9836,"minecraft:total_world_time":10448,"minecraft:interact_with_crafting_table":5,"minecraft:fall_one_cm":1297,"minecraft:fly_one_cm":3505},"minecraft:killed_by":{"alexsmobs:tusklin":1},"minecraft:picked_up":{"minecraft:raw_copper":9,"minecraft:sweet_berries":3,"minecraft:granite":23,"minecraft:spruce_log":9,"minecraft:cobblestone":113},"minecraft:mined":{"minecraft:granite":23,"minecraft:grass":1,"minecraft:copper_ore":2,"minecraft:spruce_log":6,"minecraft:spruce_leaves":5,"minecraft:stone":92},"minecraft:used":{"minecraft:wooden_axe":8,"minecraft:sweet_berries":4,"minecraft:crafting_table":1,"minecraft:stone_pickaxe":117,"minecraft:spruce_planks":4,"minecraft:spruce_log":1}},"DataVersion":3465}