{"stats":{"minecraft:killed":{"minecraft:pig":2,"minecraft:spider":1,"duckensinvasion:raptor_duck":1,"minecraft:zombie":1},"minecraft:crafted":{"minecraft:wooden_sword":1,"minecraft:smooth_stone":17,"minecraft:cooked_porkchop":1,"iceandfire:silver_ingot":15,"minecraft:crafting_table":1,"minecraft:spruce_planks":176,"minecraft:iron_helmet":1,"steam_powered:tin_ingot":1,"minecraft:stone":3,"minecraft:spruce_stairs":30,"minecraft:iron_boots":1,"minecraft:iron_chestplate":1,"iceandfire:armor_silver_metal_leggings":1,"minecraft:stick":56,"minecraft:iron_ingot":21,"minecraft:stone_pickaxe":6,"minecraft:wooden_axe":1,"minecraft:torch":32,"iceandfire:silver_pickaxe":2,"iceandfire:silver_sword":1},"minecraft:dropped":{"minecraft:book":18,"minecraft:gold_block":1,"minecraft:smooth_stone":34,"minecraft:iron_shovel":1,"minecraft:lectern":2},"minecraft:custom":{"minecraft:interact_with_furnace":39,"minecraft:mob_kills":8,"minecraft:interact_with_crafting_table":22,"minecraft:interact_with_cartography_table":1,"minecraft:interact_with_stonecutter":2,"minecraft:leave_game":2,"minecraft:time_since_death":3318,"minecraft:sleep_in_bed":1,"minecraft:time_since_rest":3411,"minecraft:sprint_one_cm":143412,"minecraft:damage_taken":1577,"minecraft:walk_one_cm":573418,"minecraft:trigger_trapped_chest":1,"minecraft:drop":7,"minecraft:damage_dealt":1741,"minecraft:talked_to_villager":2,"minecraft:fly_one_cm":132686,"minecraft:open_chest":68,"minecraft:crouch_one_cm":1593,"minecraft:play_time":128282,"minecraft:deaths":2,"minecraft:sneak_time":375,"minecraft:walk_under_water_one_cm":9847,"minecraft:jump":1712,"minecraft:walk_on_water_one_cm":8710,"minecraft:total_world_time":128282,"minecraft:fall_one_cm":30949},"minecraft:killed_by":{"alexsmobs:tusklin":1},"minecraft:picked_up":{"minecraft:andesite":24,"minecraft:orange_carpet":3,"minecraft:brown_mushroom":2,"minecraft:wither_rose":4,"minecraft:gold_block":1,"duckensinvasion:duck_statue_feet":5,"minecraft:flint":3,"minecraft:tuff":54,"minecraft:string":1,"minecraft:lapis_lazuli":60,"minecraft:dirt":182,"minecraft:raw_copper":103,"minecraft:iron_axe":1,"minecraft:zombie_head":1,"minecraft:wheat_seeds":1,"minecraft:cobbled_deepslate":619,"minecraft:smooth_stone":17,"minecraft:spruce_planks":112,"steam_powered:raw_zinc":2,"minecraft:lectern":2,"minecraft:book":18,"minecraft:raw_iron":48,"minecraft:sweet_berries":3,"duckensinvasion:duckstatue_body":20,"minecraft:gravel":22,"minecraft:spruce_stairs":5,"minecraft:dripstone_block":5,"minecraft:porkchop":4,"duckensinvasion:duck_statue_head":11,"minecraft:pointed_dripstone":16,"minecraft:diorite":2,"minecraft:spruce_log":15,"minecraft:redstone":48,"minecraft:rotten_flesh":3,"iceandfire:silver_sword":1,"steam_powered:raw_tin":15,"minecraft:granite":52,"minecraft:bread":26,"minecraft:skeleton_skull":1,"minecraft:snowball":14,"minecraft:coal":226,"iceandfire:raw_silver":22,"minecraft:cobblestone":326},"minecraft:mined":{"minecraft:deepslate_redstone_ore":10,"minecraft:tuff":54,"minecraft:brown_mushroom":2,"iceandfire:silver_ore":22,"minecraft:glow_lichen":2,"minecraft:granite":52,"minecraft:grass_block":83,"duckensinvasion:duck_statue_head":11,"minecraft:lectern":1,"minecraft:copper_ore":28,"minecraft:tall_grass":4,"minecraft:cobblestone":1,"minecraft:spruce_leaves":8,"minecraft:lapis_ore":4,"steam_powered:tin_ore":15,"minecraft:diorite":2,"minecraft:orange_carpet":3,"minecraft:large_fern":1,"minecraft:skeleton_skull":1,"minecraft:spruce_stairs":5,"steam_powered:zinc_ore":2,"duckensinvasion:duck_statue_feet":5,"minecraft:iron_ore":45,"minecraft:cobbled_deepslate":1,"minecraft:sweet_berry_bush":1,"minecraft:snow":8,"minecraft:spruce_log":8,"minecraft:andesite":24,"minecraft:wither_rose":4,"minecraft:deepslate_lapis_ore":4,"duckensinvasion:duckstatue_body":20,"minecraft:gold_block":1,"minecraft:grass":5,"minecraft:bookshelf":6,"minecraft:pointed_dripstone":8,"minecraft:coal_ore":236,"minecraft:vine":1,"minecraft:deepslate_iron_ore":3,"minecraft:zombie_head":1,"minecraft:gravel":26,"minecraft:dripstone_block":6,"minecraft:dirt":103,"minecraft:cobweb":1,"iceandfire:frost_lily":1,"minecraft:stone":302,"minecraft:deepslate":625,"minecraft:fern":1},"minecraft:broken":{"minecraft:stone_pickaxe":5,"iceandfire:silver_pickaxe":1},"minecraft:used":{"iceandfire:silver_sword":67,"minecraft:iron_shovel":77,"minecraft:stone_pickaxe":646,"minecraft:spruce_planks":4,"minecraft:rotten_flesh":2,"duckensinvasion:duckstatue_body":20,"minecraft:torch":24,"duckensinvasion:duck_statue_head":10,"minecraft:dirt":75,"minecraft:crafting_table":1,"minecraft:spruce_stairs":34,"minecraft:granite":3,"minecraft:spruce_log":1,"iceandfire:silver_pickaxe":912,"minecraft:wooden_axe":13,"minecraft:bread":14,"minecraft:iron_axe":36,"minecraft:zombie_head":1,"duckensinvasion:duck_statue_feet":5,"minecraft:gravel":1,"minecraft:cobblestone":103,"minecraft:sweet_berries":12,"minecraft:porkchop":3,"minecraft:cooked_porkchop":1,"minecraft:wither_rose":3,"minecraft:potato":15,"minecraft:cobbled_deepslate":16}},"DataVersion":3465}