{"stats":{"minecraft:killed":{"minecraft:spider":1},"minecraft:crafted":{"minecraft:wooden_sword":1,"minecraft:spruce_stairs":30,"minecraft:iron_boots":1,"minecraft:iron_chestplate":1,"iceandfire:silver_ingot":10,"iceandfire:armor_silver_metal_leggings":1,"minecraft:crafting_table":1,"minecraft:spruce_planks":176,"minecraft:stick":52,"minecraft:iron_ingot":21,"minecraft:iron_helmet":1,"minecraft:stone_pickaxe":6,"minecraft:wooden_axe":1,"steam_powered:tin_ingot":1,"iceandfire:silver_pickaxe":1,"minecraft:torch":32},"minecraft:custom":{"minecraft:time_since_rest":57890,"minecraft:interact_with_furnace":30,"minecraft:sprint_one_cm":9126,"minecraft:damage_taken":472,"minecraft:walk_one_cm":210164,"minecraft:mob_kills":1,"minecraft:damage_dealt":120,"minecraft:interact_with_crafting_table":18,"minecraft:fly_one_cm":3585,"minecraft:open_chest":31,"minecraft:crouch_one_cm":746,"minecraft:play_time":58448,"minecraft:deaths":1,"minecraft:sneak_time":108,"minecraft:jump":312,"minecraft:time_since_death":57836,"minecraft:total_world_time":58448,"minecraft:fall_one_cm":1508},"minecraft:killed_by":{"alexsmobs:tusklin":1},"minecraft:picked_up":{"minecraft:raw_iron":21,"minecraft:sweet_berries":3,"minecraft:andesite":23,"minecraft:spruce_stairs":5,"minecraft:gravel":19,"minecraft:flint":3,"minecraft:tuff":54,"minecraft:diorite":1,"minecraft:spruce_log":9,"minecraft:redstone":48,"minecraft:lapis_lazuli":31,"minecraft:dirt":12,"minecraft:raw_copper":70,"minecraft:cobbled_deepslate":619,"steam_powered:raw_tin":1,"minecraft:spruce_planks":112,"minecraft:granite":52,"minecraft:bread":15,"minecraft:coal":45,"iceandfire:raw_silver":9,"minecraft:cobblestone":213},"minecraft:mined":{"minecraft:spruce_stairs":5,"minecraft:deepslate_redstone_ore":10,"minecraft:tuff":54,"iceandfire:silver_ore":9,"minecraft:iron_ore":18,"minecraft:cobbled_deepslate":1,"minecraft:spruce_log":6,"minecraft:andesite":23,"minecraft:deepslate_lapis_ore":4,"minecraft:granite":52,"minecraft:grass":1,"minecraft:coal_ore":45,"minecraft:deepslate_iron_ore":3,"minecraft:dirt":12,"minecraft:gravel":22,"minecraft:copper_ore":19,"minecraft:cobblestone":1,"minecraft:spruce_leaves":5,"minecraft:stone":186,"steam_powered:tin_ore":1,"minecraft:diorite":1,"minecraft:deepslate":625},"minecraft:broken":{"minecraft:stone_pickaxe":4,"iceandfire:silver_pickaxe":1},"minecraft:used":{"iceandfire:silver_pickaxe":460,"minecraft:wooden_axe":13,"minecraft:bread":3,"minecraft:stone_pickaxe":643,"minecraft:spruce_planks":4,"minecraft:torch":15,"minecraft:cobblestone":21,"minecraft:sweet_berries":4,"minecraft:crafting_table":1,"minecraft:spruce_stairs":34,"minecraft:granite":3,"minecraft:cobbled_deepslate":16,"minecraft:spruce_log":1}},"DataVersion":3465}