{"stats":{"minecraft:killed":{"alexsmobs:raccoon":1,"minecraft:spider":2,"alexsmobs:tasmanian_devil":1,"enemyexpansion:direwolf":1,"minecraft:skeleton":1,"steam_powered:giant_crab":1,"minecraft:pig":3,"alexsmobs:seal":2,"minecraft:bat":1,"minecraft:sheep":9,"minecraft:zombie":10},"minecraft:crafted":{"minecraft:wooden_sword":1,"minecraft:smooth_stone":17,"minecraft:oak_planks":164,"minecraft:furnace":1,"minecraft:stone":3,"minecraft:cooked_mutton":15,"iceandfire:armor_copper_metal_boots":1,"iceandfire:armor_copper_metal_helmet":1,"minecraft:glass":64,"minecraft:spruce_stairs":30,"minecraft:iron_boots":2,"iceandfire:armor_silver_metal_leggings":1,"minecraft:iron_axe":1,"minecraft:spruce_wood":3,"minecraft:stone_pickaxe":7,"iceandfire:armor_copper_metal_chestplate":1,"minecraft:chest":2,"iceandfire:copper_pickaxe":2,"minecraft:emerald":4,"iceandfire:silver_ingot":22,"minecraft:cooked_porkchop":1,"minecraft:crafting_table":6,"minecraft:spruce_planks":208,"minecraft:iron_helmet":2,"minecraft:wooden_pickaxe":2,"minecraft:iron_sword":1,"steam_powered:tin_ingot":18,"minecraft:air":0,"minecraft:iron_chestplate":1,"minecraft:golden_apple":4,"minecraft:stick":132,"minecraft:iron_ingot":55,"minecraft:iron_pickaxe":1,"minecraft:wooden_axe":2,"minecraft:iron_shovel":1,"minecraft:iron_leggings":2,"minecraft:gold_ingot":28,"minecraft:torch":160,"iceandfire:silver_pickaxe":3,"iceandfire:silver_sword":1},"minecraft:custom":{"minecraft:mob_kills":40,"minecraft:interact_with_crafting_table":74,"minecraft:open_barrel":3,"minecraft:bell_ring":1,"minecraft:leave_game":6,"minecraft:time_since_death":14021,"minecraft:climb_one_cm":2192,"minecraft:sprint_one_cm":472173,"minecraft:walk_one_cm":1219226,"minecraft:drop":57,"minecraft:play_noteblock":2,"minecraft:talked_to_villager":44,"minecraft:play_time":293821,"minecraft:deaths":7,"minecraft:sneak_time":1012,"minecraft:walk_under_water_one_cm":36744,"minecraft:interact_with_brewingstand":2,"minecraft:jump":4003,"minecraft:interact_with_blast_furnace":2,"minecraft:walk_on_water_one_cm":49324,"minecraft:total_world_time":293821,"minecraft:interact_with_furnace":101,"minecraft:traded_with_villager":4,"minecraft:interact_with_cartography_table":2,"minecraft:tune_noteblock":5,"minecraft:interact_with_loom":2,"minecraft:interact_with_stonecutter":2,"minecraft:interact_with_grindstone":2,"minecraft:sleep_in_bed":10,"minecraft:time_since_rest":14283,"minecraft:damage_taken":3909,"minecraft:damage_absorbed":40,"minecraft:trigger_trapped_chest":1,"minecraft:damage_dealt":6797,"minecraft:fly_one_cm":798974,"minecraft:open_chest":196,"minecraft:crouch_one_cm":2446,"minecraft:fall_one_cm":85949},"minecraft:dropped":{"minecraft:brown_mushroom":3,"minecraft:wheat_seeds":3,"minecraft:lapis_lazuli":25,"minecraft:dripstone_block":9,"iceandfire:armor_copper_metal_chestplate":1,"minecraft:cobblestone":52,"minecraft:book":18,"minecraft:copper_ingot":3,"minecraft:golden_apple":2,"minecraft:gold_block":1,"minecraft:dirt":21,"minecraft:diorite":18,"minecraft:torch":25,"minecraft:wooden_axe":1,"minecraft:iron_leggings":3,"minecraft:stripped_birch_log":68,"minecraft:wither_rose":1,"minecraft:smooth_stone":34,"minecraft:iron_shovel":1,"minecraft:white_wool":1,"minecraft:bone":1,"minecraft:gravel":2,"minecraft:compass":1,"minecraft:sweet_berries":4,"minecraft:cobbled_deepslate":106,"minecraft:tuff":16,"minecraft:raw_iron":16,"minecraft:pointed_dripstone":22,"steam_powered:tin_ingot":18,"minecraft:spruce_fence":1,"minecraft:skeleton_skull":3,"minecraft:andesite":4,"minecraft:purple_bed":2,"minecraft:wooden_pickaxe":2,"minecraft:lectern":2},"minecraft:killed_by":{"alexsmobs:tusklin":1,"man:managgresive":1,"enemyexpansion:sprinter":1,"enemyexpansion:vampflyer":1,"iceandfire:fire_dragon":1,"enemyexpansion:invisicreeper":1},"minecraft:picked_up":{"minecraft:coarse_dirt":1,"minecraft:crafting_table":1,"minecraft:clay_ball":92,"minecraft:brown_mushroom":3,"iceandfire:armor_copper_metal_chestplate":1,"minecraft:brown_bed":2,"minecraft:wither_rose":4,"minecraft:gold_block":2,"minecraft:string":3,"minecraft:red_bed":2,"minecraft:raw_copper":113,"minecraft:iron_axe":1,"minecraft:iron_leggings":2,"steam_powered:tin_ingot":18,"minecraft:compass":1,"minecraft:zombie_head":1,"minecraft:smooth_stone":17,"minecraft:cobbled_deepslate":734,"minecraft:spruce_planks":112,"steam_powered:raw_zinc":11,"minecraft:sugar_cane":2,"minecraft:lectern":2,"minecraft:chest":6,"minecraft:furnace":1,"minecraft:stick":7,"minecraft:raw_iron":91,"minecraft:oak_fence":3,"minecraft:spruce_stairs":5,"minecraft:spruce_fence":1,"minecraft:porkchop":5,"minecraft:pointed_dripstone":44,"minecraft:diorite":20,"minecraft:carrot":1,"minecraft:redstone":48,"minecraft:rotten_flesh":14,"minecraft:mutton":16,"minecraft:rail":2,"minecraft:snowball":14,"minecraft:skeleton_skull":3,"minecraft:white_wool":7,"minecraft:cobblestone":495,"minecraft:enchanting_table":1,"minecraft:andesite":60,"minecraft:orange_carpet":3,"minecraft:flint":3,"minecraft:tuff":70,"minecraft:oak_log":20,"minecraft:yellow_bed":1,"minecraft:gunpowder":2,"minecraft:lapis_lazuli":85,"minecraft:gray_concrete":1,"minecraft:stripped_birch_log":68,"minecraft:dirt":207,"minecraft:bone":1,"minecraft:apple":64,"minecraft:stonecutter":1,"minecraft:wheat_seeds":3,"minecraft:raw_gold":30,"minecraft:oak_planks":9,"minecraft:book":57,"minecraft:sweet_berries":28,"minecraft:dripstone_block":9,"minecraft:gravel":23,"minecraft:blast_furnace":1,"minecraft:spruce_log":20,"minecraft:mossy_cobblestone":3,"minecraft:purple_bed":4,"iceandfire:silver_sword":1,"steam_powered:raw_tin":16,"minecraft:granite":53,"minecraft:gray_wool":2,"minecraft:bread":35,"alexsmobs:maggot":2,"minecraft:coal":286,"iceandfire:raw_silver":24},"minecraft:broken":{"iceandfire:silver_pickaxe":2,"minecraft:stone_pickaxe":5},"minecraft:mined":{"minecraft:tuff":62,"iceandfire:silver_ore":24,"minecraft:mossy_cobblestone":3,"minecraft:stripped_birch_log":68,"minecraft:glow_lichen":2,"minecraft:granite":53,"minecraft:grass_block":83,"minecraft:spruce_fence":1,"minecraft:spruce_leaves":16,"steam_powered:tin_ore":16,"minecraft:large_fern":4,"steam_powered:zinc_ore":12,"minecraft:furnace":1,"minecraft:iron_ore":76,"minecraft:cobbled_deepslate":1,"minecraft:snow":8,"minecraft:andesite":59,"minecraft:deepslate_lapis_ore":7,"minecraft:gold_block":2,"minecraft:brown_bed":2,"minecraft:stripped_dark_oak_wood":1,"minecraft:enchanting_table":1,"minecraft:bookshelf":20,"minecraft:pointed_dripstone":13,"minecraft:deepslate_iron_ore":15,"minecraft:vine":1,"iceandfire:frost_lily":1,"minecraft:stone":475,"minecraft:deepslate_redstone_ore":10,"minecraft:oak_slab":3,"minecraft:brown_mushroom":3,"minecraft:gray_concrete":1,"minecraft:red_bed":2,"minecraft:brown_stained_glass_pane":2,"minecraft:clay":23,"minecraft:oak_fence":3,"minecraft:crafting_table":1,"minecraft:blast_furnace":1,"minecraft:chest":6,"minecraft:lectern":2,"minecraft:copper_ore":30,"minecraft:tall_grass":6,"minecraft:cobblestone":1,"minecraft:deepslate_gold_ore":30,"minecraft:lapis_ore":4,"minecraft:sugar_cane":1,"minecraft:diorite":19,"minecraft:wall_torch":1,"minecraft:orange_carpet":3,"minecraft:skeleton_skull":1,"minecraft:spruce_stairs":5,"minecraft:gray_wool":1,"minecraft:coarse_dirt":1,"minecraft:birch_log":2,"minecraft:sweet_berry_bush":12,"minecraft:ice":39,"minecraft:spruce_log":14,"minecraft:yellow_bed":1,"minecraft:wither_rose":4,"minecraft:grass":6,"minecraft:oak_log":20,"minecraft:coal_ore":297,"minecraft:zombie_head":1,"minecraft:gravel":27,"minecraft:dirt":127,"minecraft:dripstone_block":12,"minecraft:cobweb":1,"minecraft:stonecutter":1,"minecraft:deepslate":688,"minecraft:fern":1},"minecraft:used":{"minecraft:iron_shovel":89,"minecraft:enchanting_table":1,"iceandfire:silver_sword":86,"minecraft:chest":8,"minecraft:spruce_planks":24,"minecraft:iron_sword":107,"minecraft:torch":41,"minecraft:rotten_flesh":2,"minecraft:dirt":88,"minecraft:mutton":1,"minecraft:spruce_stairs":34,"minecraft:granite":3,"minecraft:wooden_axe":40,"minecraft:iron_axe":206,"iceandfire:copper_pickaxe":4,"minecraft:sweet_berries":47,"minecraft:furnace":1,"minecraft:potato":15,"minecraft:cobbled_deepslate":20,"minecraft:brown_bed":2,"minecraft:oak_planks":5,"minecraft:stone_pickaxe":666,"minecraft:brown_mushroom":1,"minecraft:wooden_pickaxe":56,"minecraft:white_wool":2,"minecraft:golden_apple":1,"minecraft:crafting_table":7,"minecraft:red_bed":1,"minecraft:gray_concrete":1,"minecraft:spruce_log":1,"iceandfire:silver_pickaxe":1210,"minecraft:oak_log":6,"minecraft:apple":30,"minecraft:zombie_head":1,"minecraft:bread":22,"minecraft:iron_pickaxe":221,"minecraft:gravel":2,"minecraft:purple_bed":1,"minecraft:cobblestone":103,"minecraft:potion":1,"minecraft:porkchop":3,"minecraft:cooked_porkchop":1,"minecraft:wither_rose":3,"minecraft:gray_wool":1}},"DataVersion":3465}