{"stats":{"minecraft:killed":{"enemyexpansion:equestrian":1,"minecraft:spider":7,"minecraft:skeleton":21,"steam_powered:giant_crab":1,"enemyexpansion:vampflyer":2,"minecraft:pig":4,"alexsmobs:seal":2,"minecraft:creeper":1,"minecraft:sheep":12,"enemyexpansion:meature":2,"minecraft:zombie":34,"enemyexpansion:vampire":1,"enemyexpansion:botfly":2,"alexsmobs:raccoon":1,"alexsmobs:tasmanian_devil":1,"minecraft:slime":2,"enemyexpansion:direwolf":9,"enemyexpansion:goblin_fear":1,"alexsmobs:skunk":1,"minecraft:bat":1,"enemyexpansion:sprinter":5,"iceandfire:ghost":2,"enemyexpansion:huntsman":2,"alexsmobs:crow":1},"minecraft:crafted":{"minecraft:brick":120,"minecraft:smooth_stone":18,"minecraft:oak_planks":240,"minecraft:stone":91,"minecraft:bookshelf":3,"minecraft:cooked_mutton":15,"iceandfire:armor_copper_metal_boots":1,"minecraft:glass":70,"minecraft:bow":1,"minecraft:iron_boots":3,"iceandfire:armor_silver_metal_leggings":1,"iceandfire:armor_copper_metal_chestplate":1,"minecraft:chest":3,"iceandfire:copper_pickaxe":2,"minecraft:glass_bottle":6,"minecraft:emerald":14,"minecraft:cooked_porkchop":1,"minecraft:crafting_table":10,"minecraft:spruce_planks":220,"minecraft:iron_helmet":3,"minecraft:wooden_pickaxe":2,"minecraft:golden_pickaxe":1,"steam_powered:tin_ingot":18,"minecraft:iron_chestplate":2,"minecraft:diamond_pickaxe":1,"minecraft:stick":256,"minecraft:iron_ingot":198,"minecraft:iron_pickaxe":7,"minecraft:gold_ingot":63,"iceandfire:silver_sword":1,"minecraft:wooden_sword":1,"minecraft:furnace":3,"minecraft:blast_furnace":1,"newshieldvariants:gold_shield":3,"iceandfire:armor_copper_metal_helmet":1,"minecraft:flint_and_steel":1,"minecraft:spruce_stairs":30,"minecraft:iron_axe":1,"minecraft:spruce_wood":3,"minecraft:stone_pickaxe":7,"minecraft:spruce_boat":2,"iceandfire:armor_silver_metal_boots":1,"minecraft:diamond_sword":1,"iceandfire:silver_ingot":50,"minecraft:iron_sword":2,"minecraft:air":0,"minecraft:oak_boat":4,"iceandfire:armor_silver_metal_helmet":1,"minecraft:golden_apple":4,"minecraft:wooden_axe":2,"minecraft:iron_shovel":1,"minecraft:iron_leggings":3,"minecraft:torch":340,"iceandfire:silver_pickaxe":3},"minecraft:custom":{"minecraft:interact_with_crafting_table":137,"minecraft:open_barrel":3,"minecraft:bell_ring":1,"minecraft:leave_game":7,"minecraft:time_since_death":20978,"minecraft:sprint_one_cm":992243,"minecraft:damage_blocked_by_shield":9005,"minecraft:drop":153,"minecraft:play_noteblock":2,"minecraft:talked_to_villager":70,"minecraft:play_time":617534,"minecraft:deaths":17,"minecraft:jump":8055,"minecraft:interact_with_brewingstand":2,"minecraft:walk_on_water_one_cm":121345,"minecraft:interact_with_furnace":177,"minecraft:traded_with_villager":26,"minecraft:interact_with_cartography_table":2,"minecraft:interact_with_loom":14,"minecraft:sleep_in_bed":23,"minecraft:damage_dealt":23869,"minecraft:crouch_one_cm":7084,"minecraft:mob_kills":128,"minecraft:climb_one_cm":2632,"minecraft:walk_one_cm":2695524,"minecraft:sneak_time":2437,"minecraft:walk_under_water_one_cm":91570,"minecraft:boat_one_cm":766784,"minecraft:interact_with_blast_furnace":63,"minecraft:total_world_time":617534,"minecraft:tune_noteblock":8,"minecraft:interact_with_grindstone":2,"minecraft:interact_with_stonecutter":2,"minecraft:time_since_rest":21063,"minecraft:damage_taken":10092,"minecraft:damage_absorbed":170,"minecraft:trigger_trapped_chest":3,"minecraft:swim_one_cm":21,"minecraft:fly_one_cm":1262202,"minecraft:open_chest":465,"minecraft:fall_one_cm":163228},"minecraft:dropped":{"minecraft:iron_sword":1,"minecraft:brown_mushroom":3,"minecraft:porkchop":1,"minecraft:lapis_lazuli":25,"minecraft:glass_bottle":2,"minecraft:stripped_birch_wood":1,"iceandfire:frozen_dirt":6,"minecraft:cracked_stone_bricks":1,"minecraft:rail":2,"minecraft:gold_block":1,"minecraft:dirt":33,"iceandfire:armor_copper_metal_boots":1,"iceandfire:copper_pickaxe":3,"minecraft:iron_pickaxe":1,"minecraft:white_wool":4,"minecraft:bone":12,"minecraft:gravel":4,"minecraft:compass":1,"minecraft:sugar_cane":6,"minecraft:iron_nugget":2,"alexsmobs:animal_dictionary":1,"minecraft:cobbled_deepslate":119,"minecraft:wheat":4,"minecraft:pointed_dripstone":22,"minecraft:rotten_flesh":9,"steam_powered:tin_ingot":18,"minecraft:oak_planks":1,"iceandfire:frozen_stone":18,"alexsmobs:cachalot_whale_tooth":2,"iceandfire:ghost_chest":1,"minecraft:gunpowder":7,"minecraft:skeleton_skull":3,"minecraft:arrow":5,"newshieldvariants:gold_shield":1,"minecraft:lectern":2,"minecraft:egg":1,"minecraft:wheat_seeds":3,"minecraft:mossy_cobblestone":3,"minecraft:dripstone_block":9,"iceandfire:armor_copper_metal_chestplate":2,"minecraft:cobblestone":201,"minecraft:book":18,"iceandfire:frozen_gravel":8,"minecraft:copper_ingot":3,"minecraft:golden_apple":2,"minecraft:cobweb":6,"minecraft:diorite":21,"minecraft:ink_sac":13,"minecraft:torch":25,"minecraft:wooden_axe":1,"minecraft:green_carpet":14,"minecraft:iron_leggings":3,"minecraft:stripped_birch_log":68,"minecraft:wither_rose":1,"minecraft:iron_axe":1,"minecraft:smooth_stone":35,"minecraft:iron_shovel":1,"minecraft:paper":18,"minecraft:spruce_sapling":3,"iceandfire:frozen_cobblestone":19,"minecraft:redstone":17,"minecraft:kelp":16,"minecraft:sweet_berries":15,"minecraft:coarse_dirt":1,"minecraft:tuff":26,"minecraft:raw_iron":16,"minecraft:stripped_oak_log":3,"minecraft:spruce_fence":1,"iceandfire:dragon_ice":16,"minecraft:andesite":34,"minecraft:purple_bed":2,"minecraft:spider_eye":1,"minecraft:stone_bricks":3,"minecraft:spruce_log":1,"minecraft:wooden_pickaxe":2},"minecraft:killed_by":{"alexsmobs:tusklin":1,"iceandfire:sea_serpent":1,"man:managgresive":3,"enemyexpansion:sprinter":1,"iceandfire:ice_dragon":5,"alexsmobs:grizzly_bear":1,"enemyexpansion:vampflyer":1,"iceandfire:fire_dragon":1,"enemyexpansion:invisicreeper":2},"minecraft:picked_up":{"minecraft:wheat":2,"minecraft:diamond_sword":1,"iceandfire:armor_copper_metal_chestplate":1,"alexscaves:cave_tablet":2,"minecraft:oak_stairs":1,"minecraft:brown_bed":2,"minecraft:wither_rose":4,"minecraft:enchanted_book":1,"minecraft:string":15,"minecraft:raw_copper":119,"steam_powered:tin_ingot":18,"minecraft:iron_leggings":2,"minecraft:zombie_head":1,"minecraft:cobbled_deepslate":898,"minecraft:smooth_stone":17,"minecraft:spruce_planks":112,"steam_powered:raw_zinc":11,"minecraft:iron_pickaxe":1,"iceandfire:frozen_gravel":6,"minecraft:furnace":4,"minecraft:stick":11,"iceandfire:ghost_chest":1,"iceandfire:copper_pickaxe":2,"minecraft:oak_fence":5,"minecraft:torch":19,"minecraft:spruce_stairs":5,"minecraft:porkchop":7,"minecraft:pointed_dripstone":44,"minecraft:diorite":28,"iceandfire:armor_silver_metal_boots":1,"minecraft:rotten_flesh":27,"minecraft:stripped_birch_wood":1,"minecraft:obsidian":6,"minecraft:snowball":14,"minecraft:cobblestone":901,"minecraft:enchanting_table":1,"minecraft:andesite":90,"minecraft:orange_carpet":3,"minecraft:flint":4,"minecraft:tuff":84,"minecraft:lapis_lazuli":116,"minecraft:gray_concrete":1,"minecraft:stripped_birch_log":68,"minecraft:dirt":231,"minecraft:bone":17,"minecraft:bow":1,"minecraft:stonecutter":1,"minecraft:wheat_seeds":3,"minecraft:raw_gold":107,"minecraft:oak_planks":12,"minecraft:sand":58,"minecraft:ink_sac":20,"iceandfire:frozen_dirt":6,"minecraft:mossy_cobblestone":3,"minecraft:diamond":3,"iceandfire:dragon_ice":17,"minecraft:granite":53,"minecraft:bread":35,"alexsmobs:maggot":2,"iceandfire:silver_nugget":160,"iceandfire:raw_silver":48,"minecraft:diamond_pickaxe":1,"minecraft:coarse_dirt":1,"minecraft:crafting_table":7,"minecraft:clay_ball":92,"minecraft:brown_mushroom":3,"minecraft:gold_block":2,"minecraft:diamond_horse_armor":1,"iceandfire:frozen_cobblestone":20,"iceandfire:frozen_grass":4,"minecraft:red_bed":2,"iceandfire:frozen_stone":18,"minecraft:iron_axe":1,"minecraft:compass":1,"minecraft:cracked_stone_bricks":1,"minecraft:lectern":2,"minecraft:sugar_cane":6,"minecraft:chest":6,"minecraft:egg":1,"minecraft:raw_iron":299,"iceandfire:dragonbone":4,"minecraft:spruce_fence":2,"iceandfire:armor_copper_metal_boots":1,"minecraft:carrot":1,"minecraft:redstone":162,"iceandfire:dragon_skull_ice":3,"minecraft:arrow":13,"minecraft:hay_block":20,"minecraft:gold_ingot":3,"minecraft:glow_berries":4,"minecraft:mutton":20,"minecraft:rail":4,"minecraft:skeleton_skull":3,"minecraft:white_wool":10,"minecraft:stripped_oak_log":3,"alexsmobs:cachalot_whale_tooth":2,"minecraft:oak_log":39,"minecraft:yellow_bed":2,"minecraft:gunpowder":23,"minecraft:paper":17,"minecraft:orange_terracotta":4,"minecraft:apple":64,"minecraft:stone_bricks":6,"minecraft:kelp":16,"iceandfire:armor_silver_metal_helmet":1,"minecraft:iron_ingot":11,"minecraft:glass_bottle":1,"minecraft:iron_sword":1,"minecraft:book":60,"minecraft:oak_slab":3,"minecraft:smooth_basalt":1,"minecraft:sweet_berries":53,"minecraft:dripstone_block":9,"minecraft:gravel":51,"minecraft:amethyst_shard":28,"minecraft:spruce_sapling":6,"minecraft:blast_furnace":5,"minecraft:spruce_log":41,"newshieldvariants:gold_shield":1,"minecraft:green_carpet":14,"minecraft:spider_eye":2,"minecraft:purple_bed":6,"iceandfire:silver_sword":1,"steam_powered:raw_tin":35,"minecraft:gray_wool":2,"minecraft:coal":719},"minecraft:broken":{"minecraft:iron_chestplate":1,"minecraft:iron_leggings":1,"iceandfire:silver_pickaxe":2,"minecraft:stone_pickaxe":5,"newshieldvariants:gold_shield":1,"minecraft:iron_pickaxe":6},"minecraft:mined":{"minecraft:large_amethyst_bud":4,"minecraft:obsidian":6,"minecraft:cave_vines_plant":1,"minecraft:granite":62,"minecraft:budding_amethyst":2,"minecraft:grass_block":92,"minecraft:spawner":3,"minecraft:cobbled_deepslate":12,"minecraft:iron_ore":163,"minecraft:fire":4,"minecraft:barrel":1,"minecraft:pumpkin":1,"minecraft:deepslate_lapis_ore":20,"minecraft:stripped_dark_oak_wood":1,"minecraft:enchanting_table":1,"minecraft:brown_bed":2,"minecraft:pointed_dripstone":13,"minecraft:cave_vines":12,"minecraft:oak_stairs":1,"minecraft:small_amethyst_bud":12,"minecraft:green_carpet":7,"minecraft:deepslate_redstone_ore":31,"minecraft:brown_mushroom":3,"minecraft:red_bed":2,"minecraft:medium_amethyst_bud":11,"minecraft:amethyst_cluster":6,"minecraft:orange_terracotta":4,"minecraft:clay":23,"iceandfire:dragon_ice_spikes":6,"minecraft:torch":2,"minecraft:calcite":7,"minecraft:blast_furnace":5,"iceandfire:ghost_chest":1,"minecraft:chest":6,"iceandfire:frozen_dirt":5,"minecraft:cobblestone":16,"minecraft:sugar_cane":5,"minecraft:oak_planks":3,"minecraft:wall_torch":2,"minecraft:amethyst_block":9,"minecraft:skeleton_skull":1,"minecraft:birch_log":2,"minecraft:wither_rose":4,"minecraft:grass":14,"minecraft:oak_log":40,"minecraft:sand":63,"minecraft:dirt":151,"minecraft:smooth_basalt":8,"minecraft:stonecutter":1,"minecraft:oak_leaves":1,"minecraft:deepslate":841,"minecraft:tuff":73,"iceandfire:silver_ore":50,"minecraft:mossy_cobblestone":3,"minecraft:deepslate_diamond_ore":2,"minecraft:stripped_birch_log":68,"iceandfire:frozen_cobblestone":25,"minecraft:glow_lichen":4,"iceandfire:frozen_stone":19,"minecraft:spruce_fence":2,"iceandfire:frozen_grass":4,"minecraft:spruce_leaves":31,"iceandfire:dragon_ice":17,"steam_powered:tin_ore":37,"minecraft:large_fern":15,"minecraft:hay_block":20,"steam_powered:zinc_ore":16,"minecraft:furnace":4,"minecraft:snow":8,"minecraft:andesite":95,"minecraft:gold_block":2,"minecraft:bookshelf":21,"minecraft:rail":1,"minecraft:deepslate_iron_ore":77,"minecraft:vine":2,"minecraft:stripped_oak_log":2,"iceandfire:frost_lily":1,"minecraft:stone":868,"minecraft:oak_slab":6,"minecraft:gray_concrete":1,"minecraft:brown_stained_glass_pane":2,"iceandfire:frozen_gravel":6,"minecraft:oak_fence":5,"minecraft:crafting_table":8,"minecraft:lectern":2,"minecraft:tall_grass":7,"minecraft:copper_ore":32,"minecraft:deepslate_gold_ore":85,"minecraft:lapis_ore":5,"minecraft:diorite":51,"minecraft:orange_carpet":3,"minecraft:spruce_stairs":5,"minecraft:gray_wool":1,"minecraft:purple_bed":2,"minecraft:coarse_dirt":1,"minecraft:sweet_berry_bush":20,"minecraft:ice":42,"minecraft:spruce_log":34,"minecraft:yellow_bed":2,"minecraft:coal_ore":605,"iceandfire:silver_pile":19,"minecraft:zombie_head":1,"minecraft:gravel":40,"minecraft:dripstone_block":12,"minecraft:cobweb":5,"minecraft:cracked_stone_bricks":1,"minecraft:stone_bricks":3,"minecraft:fern":1},"minecraft:used":{"minecraft:iron_shovel":155,"iceandfire:dragon_skull_ice":3,"minecraft:chest":9,"minecraft:stone":70,"minecraft:iron_sword":274,"minecraft:rotten_flesh":2,"minecraft:mutton":1,"minecraft:tuff":1,"minecraft:obsidian":16,"minecraft:spruce_boat":2,"iceandfire:copper_pickaxe":9,"minecraft:bow":12,"minecraft:sweet_berries":47,"minecraft:furnace":5,"minecraft:potato":30,"minecraft:oak_planks":31,"minecraft:stone_pickaxe":666,"minecraft:wooden_pickaxe":56,"minecraft:white_wool":2,"minecraft:golden_apple":8,"minecraft:glow_berries":22,"minecraft:blast_furnace":6,"minecraft:gray_concrete":1,"iceandfire:silver_pickaxe":1210,"minecraft:zombie_head":1,"minecraft:bread":57,"minecraft:gravel":22,"minecraft:diamond_sword":324,"minecraft:oak_boat":4,"minecraft:golden_pickaxe":15,"minecraft:enchanting_table":1,"iceandfire:silver_sword":86,"minecraft:flint_and_steel":5,"minecraft:spruce_planks":32,"minecraft:torch":212,"minecraft:dirt":88,"minecraft:spruce_stairs":34,"minecraft:granite":3,"minecraft:wooden_axe":40,"minecraft:iron_axe":284,"minecraft:cobbled_deepslate":156,"minecraft:brown_bed":2,"minecraft:cooked_mutton":14,"minecraft:brown_mushroom":1,"minecraft:crafting_table":17,"minecraft:red_bed":1,"minecraft:spruce_log":4,"minecraft:oak_log":6,"minecraft:diamond_pickaxe":159,"minecraft:apple":42,"minecraft:iron_pickaxe":1553,"minecraft:cobblestone":215,"minecraft:potion":2,"minecraft:purple_bed":4,"minecraft:porkchop":5,"minecraft:cooked_porkchop":1,"alexsmobs:animal_dictionary":1,"minecraft:wither_rose":3,"minecraft:gray_wool":1,"newshieldvariants:gold_shield":250}},"DataVersion":3465}