{"stats":{"minecraft:killed":{"minecraft:pig":1,"minecraft:spider":1,"duckensinvasion:raptor_duck":1,"minecraft:zombie":1},"minecraft:crafted":{"minecraft:wooden_sword":1,"iceandfire:silver_ingot":15,"minecraft:crafting_table":1,"minecraft:spruce_planks":176,"minecraft:iron_helmet":1,"steam_powered:tin_ingot":1,"minecraft:stone":3,"minecraft:spruce_stairs":30,"minecraft:iron_chestplate":1,"minecraft:iron_boots":1,"iceandfire:armor_silver_metal_leggings":1,"minecraft:stick":56,"minecraft:iron_ingot":21,"minecraft:stone_pickaxe":6,"minecraft:wooden_axe":1,"minecraft:torch":32,"iceandfire:silver_pickaxe":2,"iceandfire:silver_sword":1},"minecraft:custom":{"minecraft:interact_with_furnace":36,"minecraft:mob_kills":4,"minecraft:interact_with_cartography_table":1,"minecraft:interact_with_crafting_table":22,"minecraft:interact_with_stonecutter":2,"minecraft:time_since_death":81836,"minecraft:time_since_rest":81890,"minecraft:sprint_one_cm":82695,"minecraft:damage_taken":1159,"minecraft:walk_one_cm":346391,"minecraft:damage_dealt":897,"minecraft:talked_to_villager":2,"minecraft:fly_one_cm":62507,"minecraft:open_chest":57,"minecraft:crouch_one_cm":1068,"minecraft:play_time":82448,"minecraft:deaths":1,"minecraft:sneak_time":145,"minecraft:walk_under_water_one_cm":9680,"minecraft:jump":763,"minecraft:walk_on_water_one_cm":6527,"minecraft:total_world_time":82448,"minecraft:fall_one_cm":10063},"minecraft:killed_by":{"alexsmobs:tusklin":1},"minecraft:picked_up":{"minecraft:andesite":23,"minecraft:orange_carpet":3,"minecraft:brown_mushroom":1,"minecraft:gold_block":1,"duckensinvasion:duck_statue_feet":1,"minecraft:flint":3,"minecraft:tuff":54,"minecraft:lapis_lazuli":31,"minecraft:dirt":41,"minecraft:raw_copper":74,"minecraft:iron_axe":1,"minecraft:zombie_head":1,"minecraft:cobbled_deepslate":619,"minecraft:spruce_planks":112,"steam_powered:raw_zinc":2,"minecraft:lectern":1,"minecraft:book":18,"minecraft:raw_iron":22,"minecraft:sweet_berries":3,"duckensinvasion:duckstatue_body":1,"minecraft:gravel":19,"minecraft:spruce_stairs":5,"minecraft:porkchop":1,"duckensinvasion:duck_statue_head":1,"minecraft:diorite":1,"minecraft:spruce_log":15,"minecraft:redstone":48,"minecraft:rotten_flesh":1,"iceandfire:silver_sword":1,"steam_powered:raw_tin":15,"minecraft:granite":52,"minecraft:bread":26,"minecraft:snowball":6,"minecraft:coal":76,"iceandfire:raw_silver":14,"minecraft:cobblestone":239},"minecraft:mined":{"minecraft:deepslate_redstone_ore":10,"minecraft:tuff":54,"minecraft:brown_mushroom":1,"iceandfire:silver_ore":14,"minecraft:granite":52,"minecraft:grass_block":20,"duckensinvasion:duck_statue_head":1,"minecraft:lectern":1,"minecraft:tall_grass":2,"minecraft:copper_ore":20,"minecraft:cobblestone":1,"minecraft:spruce_leaves":8,"steam_powered:tin_ore":15,"minecraft:diorite":1,"minecraft:orange_carpet":3,"minecraft:spruce_stairs":5,"steam_powered:zinc_ore":2,"duckensinvasion:duck_statue_feet":1,"minecraft:iron_ore":19,"minecraft:cobbled_deepslate":1,"minecraft:sweet_berry_bush":1,"minecraft:spruce_log":8,"minecraft:andesite":23,"minecraft:deepslate_lapis_ore":4,"duckensinvasion:duckstatue_body":1,"minecraft:gold_block":1,"minecraft:grass":3,"minecraft:bookshelf":6,"minecraft:coal_ore":82,"minecraft:deepslate_iron_ore":3,"minecraft:zombie_head":1,"minecraft:gravel":22,"minecraft:dirt":20,"minecraft:stone":210,"minecraft:deepslate":625,"minecraft:fern":1},"minecraft:broken":{"minecraft:stone_pickaxe":5,"iceandfire:silver_pickaxe":1},"minecraft:used":{"iceandfire:silver_sword":41,"minecraft:stone_pickaxe":646,"minecraft:spruce_planks":4,"minecraft:torch":15,"minecraft:dirt":4,"minecraft:crafting_table":1,"minecraft:spruce_stairs":34,"minecraft:granite":3,"minecraft:spruce_log":1,"iceandfire:silver_pickaxe":563,"minecraft:wooden_axe":13,"minecraft:iron_axe":24,"minecraft:bread":14,"duckensinvasion:duck_statue_feet":1,"minecraft:cobblestone":41,"minecraft:sweet_berries":12,"minecraft:cobbled_deepslate":16}},"DataVersion":3465}