{"stats":{"minecraft:mined":{"minecraft:tuff":62,"iceandfire:silver_ore":24,"minecraft:stripped_birch_log":68,"minecraft:glow_lichen":2,"minecraft:granite":53,"minecraft:grass_block":83,"minecraft:spruce_leaves":8,"steam_powered:tin_ore":16,"minecraft:large_fern":3,"steam_powered:zinc_ore":12,"minecraft:furnace":1,"minecraft:iron_ore":76,"minecraft:cobbled_deepslate":1,"minecraft:snow":8,"minecraft:andesite":59,"minecraft:deepslate_lapis_ore":7,"minecraft:stripped_dark_oak_wood":1,"minecraft:enchanting_table":1,"minecraft:gold_block":1,"minecraft:brown_bed":2,"minecraft:bookshelf":14,"minecraft:pointed_dripstone":13,"minecraft:deepslate_iron_ore":15,"minecraft:vine":1,"iceandfire:frost_lily":1,"minecraft:stone":472,"minecraft:deepslate_redstone_ore":10,"minecraft:oak_slab":3,"minecraft:brown_mushroom":3,"minecraft:gray_concrete":1,"minecraft:red_bed":2,"minecraft:oak_fence":3,"minecraft:crafting_table":1,"minecraft:chest":6,"minecraft:lectern":1,"minecraft:cobblestone":1,"minecraft:tall_grass":6,"minecraft:copper_ore":30,"minecraft:lapis_ore":4,"minecraft:deepslate_gold_ore":30,"minecraft:diorite":16,"minecraft:wall_torch":1,"minecraft:orange_carpet":3,"minecraft:skeleton_skull":1,"minecraft:spruce_stairs":5,"minecraft:gray_wool":1,"minecraft:birch_log":2,"minecraft:sweet_berry_bush":12,"minecraft:spruce_log":14,"minecraft:yellow_bed":1,"minecraft:wither_rose":4,"minecraft:grass":6,"minecraft:oak_log":20,"minecraft:coal_ore":261,"minecraft:zombie_head":1,"minecraft:gravel":27,"minecraft:dripstone_block":12,"minecraft:dirt":127,"minecraft:cobweb":1,"minecraft:deepslate":688,"minecraft:fern":1},"minecraft:killed":{"minecraft:spider":2,"alexsmobs:tasmanian_devil":1,"enemyexpansion:direwolf":1,"minecraft:skeleton":1,"minecraft:pig":3,"minecraft:bat":1,"minecraft:sheep":8,"minecraft:zombie":9},"minecraft:dropped":{"minecraft:brown_mushroom":3,"minecraft:wheat_seeds":3,"minecraft:lapis_lazuli":25,"minecraft:dripstone_block":9,"minecraft:cobblestone":50,"minecraft:book":18,"minecraft:copper_ingot":3,"minecraft:golden_apple":2,"minecraft:gold_block":1,"minecraft:dirt":21,"minecraft:diorite":15,"minecraft:torch":25,"minecraft:wooden_axe":1,"minecraft:iron_leggings":3,"minecraft:stripped_birch_log":68,"minecraft:wither_rose":1,"minecraft:smooth_stone":34,"minecraft:iron_shovel":1,"minecraft:bone":1,"minecraft:gravel":2,"minecraft:sweet_berries":4,"minecraft:cobbled_deepslate":106,"minecraft:tuff":16,"minecraft:raw_iron":16,"minecraft:pointed_dripstone":22,"steam_powered:tin_ingot":18,"minecraft:skeleton_skull":3,"minecraft:andesite":4,"minecraft:wooden_pickaxe":2,"minecraft:lectern":2},"minecraft:picked_up":{"minecraft:crafting_table":1,"minecraft:brown_mushroom":3,"minecraft:brown_bed":2,"minecraft:wither_rose":4,"minecraft:gold_block":1,"minecraft:red_bed":2,"minecraft:string":3,"minecraft:raw_copper":113,"minecraft:iron_axe":1,"minecraft:iron_leggings":2,"steam_powered:tin_ingot":18,"minecraft:zombie_head":1,"minecraft:cobbled_deepslate":734,"minecraft:smooth_stone":17,"minecraft:spruce_planks":112,"steam_powered:raw_zinc":11,"minecraft:lectern":2,"minecraft:chest":6,"minecraft:furnace":1,"minecraft:stick":7,"minecraft:raw_iron":91,"minecraft:oak_fence":3,"minecraft:spruce_stairs":5,"minecraft:porkchop":5,"minecraft:pointed_dripstone":44,"minecraft:diorite":16,"minecraft:carrot":1,"minecraft:redstone":48,"minecraft:rotten_flesh":12,"minecraft:mutton":15,"minecraft:white_wool":6,"minecraft:snowball":14,"minecraft:skeleton_skull":3,"minecraft:rail":2,"minecraft:cobblestone":490,"minecraft:enchanting_table":1,"minecraft:andesite":60,"minecraft:orange_carpet":3,"minecraft:flint":3,"minecraft:tuff":70,"minecraft:oak_log":20,"minecraft:stripped_birch_log":68,"minecraft:lapis_lazuli":85,"minecraft:yellow_bed":1,"minecraft:gunpowder":2,"minecraft:gray_concrete":1,"minecraft:dirt":207,"minecraft:bone":1,"minecraft:apple":64,"minecraft:wheat_seeds":3,"minecraft:raw_gold":30,"minecraft:oak_planks":9,"minecraft:book":42,"minecraft:sweet_berries":28,"minecraft:dripstone_block":9,"minecraft:gravel":23,"minecraft:spruce_log":20,"iceandfire:silver_sword":1,"steam_powered:raw_tin":16,"minecraft:granite":53,"minecraft:gray_wool":2,"minecraft:bread":35,"minecraft:coal":251,"iceandfire:raw_silver":24},"minecraft:broken":{"iceandfire:silver_pickaxe":2,"minecraft:stone_pickaxe":5},"minecraft:killed_by":{"alexsmobs:tusklin":1,"enemyexpansion:sprinter":1,"enemyexpansion:vampflyer":1,"iceandfire:fire_dragon":1,"enemyexpansion:invisicreeper":1},"minecraft:used":{"minecraft:enchanting_table":1,"minecraft:iron_shovel":77,"iceandfire:silver_sword":86,"minecraft:chest":8,"minecraft:spruce_planks":24,"minecraft:iron_sword":88,"minecraft:rotten_flesh":2,"minecraft:torch":41,"minecraft:dirt":88,"minecraft:spruce_stairs":34,"minecraft:granite":3,"minecraft:wooden_axe":40,"minecraft:iron_axe":195,"minecraft:sweet_berries":47,"minecraft:furnace":1,"minecraft:potato":15,"minecraft:cobbled_deepslate":20,"minecraft:brown_bed":2,"minecraft:oak_planks":5,"minecraft:stone_pickaxe":666,"minecraft:brown_mushroom":1,"minecraft:wooden_pickaxe":56,"minecraft:white_wool":2,"minecraft:golden_apple":1,"minecraft:crafting_table":6,"minecraft:red_bed":1,"minecraft:gray_concrete":1,"minecraft:spruce_log":1,"minecraft:oak_log":6,"iceandfire:silver_pickaxe":1210,"minecraft:apple":15,"minecraft:zombie_head":1,"minecraft:bread":20,"minecraft:iron_pickaxe":108,"minecraft:gravel":2,"minecraft:cobblestone":103,"minecraft:potion":1,"minecraft:porkchop":3,"minecraft:cooked_porkchop":1,"minecraft:wither_rose":3,"minecraft:gray_wool":1},"minecraft:custom":{"minecraft:mob_kills":34,"minecraft:interact_with_crafting_table":71,"minecraft:open_barrel":3,"minecraft:leave_game":5,"minecraft:time_since_death":23695,"minecraft:climb_one_cm":863,"minecraft:sprint_one_cm":304711,"minecraft:walk_one_cm":1024027,"minecraft:drop":47,"minecraft:play_noteblock":2,"minecraft:talked_to_villager":3,"minecraft:play_time":243122,"minecraft:deaths":6,"minecraft:sneak_time":929,"minecraft:walk_under_water_one_cm":16285,"minecraft:jump":2936,"minecraft:walk_on_water_one_cm":27941,"minecraft:total_world_time":243122,"minecraft:interact_with_furnace":101,"minecraft:interact_with_cartography_table":1,"minecraft:tune_noteblock":5,"minecraft:interact_with_loom":2,"minecraft:interact_with_stonecutter":2,"minecraft:sleep_in_bed":8,"minecraft:time_since_rest":5793,"minecraft:damage_taken":3512,"minecraft:damage_absorbed":40,"minecraft:trigger_trapped_chest":1,"minecraft:damage_dealt":6092,"minecraft:fly_one_cm":483091,"minecraft:open_chest":173,"minecraft:crouch_one_cm":2290,"minecraft:fall_one_cm":69129},"minecraft:crafted":{"minecraft:wooden_sword":1,"minecraft:smooth_stone":17,"minecraft:oak_planks":164,"minecraft:furnace":1,"minecraft:stone":3,"minecraft:cooked_mutton":15,"iceandfire:armor_copper_metal_boots":1,"iceandfire:armor_copper_metal_helmet":1,"minecraft:glass":64,"minecraft:spruce_stairs":30,"minecraft:iron_boots":2,"iceandfire:armor_silver_metal_leggings":1,"minecraft:iron_axe":1,"iceandfire:armor_copper_metal_chestplate":1,"minecraft:stone_pickaxe":7,"minecraft:chest":2,"iceandfire:silver_ingot":22,"minecraft:cooked_porkchop":1,"minecraft:crafting_table":5,"minecraft:spruce_planks":196,"minecraft:wooden_pickaxe":2,"minecraft:iron_helmet":2,"minecraft:iron_sword":1,"steam_powered:tin_ingot":18,"minecraft:air":0,"minecraft:iron_chestplate":1,"minecraft:golden_apple":4,"minecraft:stick":128,"minecraft:iron_ingot":55,"minecraft:iron_pickaxe":1,"minecraft:wooden_axe":2,"minecraft:iron_leggings":2,"minecraft:gold_ingot":28,"minecraft:torch":160,"iceandfire:silver_pickaxe":3,"iceandfire:silver_sword":1}},"DataVersion":3465}