{"stats":{"minecraft:killed":{"minecraft:spider":3,"enemyexpansion:equestrian":1,"minecraft:skeleton":6,"steam_powered:giant_crab":1,"minecraft:pig":4,"alexsmobs:seal":2,"minecraft:sheep":12,"enemyexpansion:meature":2,"minecraft:zombie":13,"alexsmobs:raccoon":1,"alexsmobs:tasmanian_devil":1,"enemyexpansion:direwolf":4,"minecraft:bat":1,"iceandfire:ghost":2},"minecraft:crafted":{"minecraft:brick":120,"minecraft:smooth_stone":18,"minecraft:oak_planks":164,"minecraft:stone":47,"minecraft:cooked_mutton":15,"iceandfire:armor_copper_metal_boots":1,"minecraft:glass":64,"minecraft:iron_boots":2,"iceandfire:armor_silver_metal_leggings":1,"iceandfire:armor_copper_metal_chestplate":1,"minecraft:chest":2,"iceandfire:copper_pickaxe":2,"minecraft:emerald":14,"minecraft:cooked_porkchop":1,"minecraft:crafting_table":8,"minecraft:spruce_planks":208,"minecraft:wooden_pickaxe":2,"minecraft:iron_helmet":2,"minecraft:golden_pickaxe":1,"steam_powered:tin_ingot":18,"minecraft:iron_chestplate":1,"minecraft:stick":192,"minecraft:iron_ingot":88,"minecraft:iron_pickaxe":4,"minecraft:gold_ingot":48,"iceandfire:silver_sword":1,"minecraft:wooden_sword":1,"minecraft:furnace":1,"newshieldvariants:gold_shield":1,"iceandfire:armor_copper_metal_helmet":1,"minecraft:spruce_stairs":30,"minecraft:iron_axe":1,"minecraft:spruce_wood":3,"minecraft:stone_pickaxe":7,"iceandfire:silver_ingot":22,"minecraft:iron_sword":2,"minecraft:air":0,"minecraft:oak_boat":2,"minecraft:golden_apple":4,"minecraft:wooden_axe":2,"minecraft:iron_shovel":1,"minecraft:iron_leggings":2,"minecraft:torch":160,"iceandfire:silver_pickaxe":3},"minecraft:custom":{"minecraft:interact_with_crafting_table":88,"minecraft:open_barrel":3,"minecraft:bell_ring":1,"minecraft:leave_game":6,"minecraft:time_since_death":4420,"minecraft:sprint_one_cm":723804,"minecraft:damage_blocked_by_shield":1825,"minecraft:drop":111,"minecraft:play_noteblock":2,"minecraft:talked_to_villager":68,"minecraft:play_time":395821,"minecraft:deaths":12,"minecraft:jump":5705,"minecraft:interact_with_brewingstand":2,"minecraft:walk_on_water_one_cm":62977,"minecraft:interact_with_furnace":130,"minecraft:traded_with_villager":26,"minecraft:interact_with_cartography_table":2,"minecraft:interact_with_loom":2,"minecraft:sleep_in_bed":15,"minecraft:damage_dealt":10936,"minecraft:crouch_one_cm":3994,"minecraft:mob_kills":62,"minecraft:climb_one_cm":2192,"minecraft:walk_one_cm":1620293,"minecraft:sneak_time":1444,"minecraft:walk_under_water_one_cm":44372,"minecraft:boat_one_cm":159167,"minecraft:interact_with_blast_furnace":32,"minecraft:total_world_time":395821,"minecraft:tune_noteblock":5,"minecraft:interact_with_grindstone":2,"minecraft:interact_with_stonecutter":2,"minecraft:time_since_rest":4524,"minecraft:damage_taken":6410,"minecraft:damage_absorbed":131,"minecraft:trigger_trapped_chest":3,"minecraft:swim_one_cm":21,"minecraft:fly_one_cm":1103710,"minecraft:open_chest":245,"minecraft:fall_one_cm":125237},"minecraft:dropped":{"minecraft:iron_sword":1,"minecraft:brown_mushroom":3,"minecraft:porkchop":1,"minecraft:lapis_lazuli":25,"minecraft:cracked_stone_bricks":1,"minecraft:gold_block":1,"minecraft:dirt":29,"iceandfire:armor_copper_metal_boots":1,"iceandfire:copper_pickaxe":3,"minecraft:white_wool":4,"minecraft:bone":7,"minecraft:gravel":2,"minecraft:compass":1,"minecraft:sugar_cane":2,"minecraft:iron_nugget":2,"minecraft:cobbled_deepslate":116,"alexsmobs:animal_dictionary":1,"minecraft:wheat":4,"minecraft:pointed_dripstone":22,"minecraft:rotten_flesh":7,"steam_powered:tin_ingot":18,"minecraft:oak_planks":1,"minecraft:gunpowder":1,"minecraft:skeleton_skull":3,"minecraft:arrow":5,"minecraft:lectern":2,"minecraft:egg":1,"minecraft:wheat_seeds":3,"minecraft:mossy_cobblestone":3,"minecraft:dripstone_block":9,"iceandfire:armor_copper_metal_chestplate":2,"minecraft:cobblestone":161,"minecraft:book":18,"iceandfire:frozen_gravel":2,"minecraft:copper_ingot":3,"minecraft:golden_apple":2,"minecraft:diorite":19,"minecraft:torch":25,"minecraft:wooden_axe":1,"minecraft:iron_leggings":3,"minecraft:stripped_birch_log":68,"minecraft:wither_rose":1,"minecraft:smooth_stone":35,"minecraft:iron_shovel":1,"minecraft:paper":3,"minecraft:spruce_sapling":3,"minecraft:redstone":17,"minecraft:sweet_berries":15,"minecraft:coarse_dirt":1,"minecraft:tuff":26,"minecraft:raw_iron":16,"minecraft:spruce_fence":1,"minecraft:andesite":34,"minecraft:purple_bed":2,"minecraft:stone_bricks":3,"minecraft:spruce_log":1,"minecraft:wooden_pickaxe":2},"minecraft:killed_by":{"alexsmobs:tusklin":1,"iceandfire:sea_serpent":1,"man:managgresive":3,"enemyexpansion:sprinter":1,"iceandfire:ice_dragon":1,"alexsmobs:grizzly_bear":1,"enemyexpansion:vampflyer":1,"iceandfire:fire_dragon":1,"enemyexpansion:invisicreeper":1},"minecraft:picked_up":{"minecraft:wheat":2,"iceandfire:armor_copper_metal_chestplate":1,"minecraft:oak_stairs":1,"minecraft:brown_bed":2,"minecraft:wither_rose":4,"minecraft:string":3,"minecraft:raw_copper":113,"steam_powered:tin_ingot":18,"minecraft:iron_leggings":2,"minecraft:zombie_head":1,"minecraft:cobbled_deepslate":768,"minecraft:smooth_stone":17,"minecraft:spruce_planks":112,"steam_powered:raw_zinc":11,"minecraft:furnace":1,"minecraft:stick":8,"iceandfire:copper_pickaxe":2,"minecraft:oak_fence":5,"minecraft:spruce_stairs":5,"minecraft:porkchop":7,"minecraft:pointed_dripstone":44,"minecraft:diorite":26,"minecraft:rotten_flesh":20,"minecraft:snowball":14,"minecraft:cobblestone":615,"minecraft:enchanting_table":1,"minecraft:andesite":90,"minecraft:orange_carpet":3,"minecraft:flint":3,"minecraft:tuff":80,"minecraft:dirt":223,"minecraft:gray_concrete":1,"minecraft:lapis_lazuli":85,"minecraft:stripped_birch_log":68,"minecraft:bone":7,"minecraft:stonecutter":1,"minecraft:wheat_seeds":3,"minecraft:raw_gold":50,"minecraft:oak_planks":9,"minecraft:mossy_cobblestone":3,"minecraft:diamond":1,"minecraft:granite":53,"minecraft:bread":35,"alexsmobs:maggot":2,"iceandfire:raw_silver":30,"minecraft:crafting_table":5,"minecraft:coarse_dirt":1,"minecraft:clay_ball":92,"minecraft:brown_mushroom":3,"minecraft:gold_block":2,"minecraft:red_bed":2,"minecraft:iron_axe":1,"minecraft:compass":1,"minecraft:cracked_stone_bricks":1,"minecraft:lectern":2,"minecraft:sugar_cane":2,"minecraft:chest":6,"minecraft:egg":1,"minecraft:raw_iron":124,"minecraft:spruce_fence":2,"iceandfire:armor_copper_metal_boots":1,"minecraft:carrot":1,"minecraft:redstone":82,"minecraft:arrow":6,"minecraft:hay_block":20,"minecraft:mutton":20,"minecraft:white_wool":10,"minecraft:skeleton_skull":3,"minecraft:rail":2,"minecraft:oak_log":20,"minecraft:gunpowder":3,"minecraft:yellow_bed":2,"minecraft:apple":64,"minecraft:stone_bricks":6,"minecraft:iron_ingot":10,"minecraft:iron_sword":1,"minecraft:book":57,"minecraft:oak_slab":3,"minecraft:sweet_berries":53,"minecraft:dripstone_block":9,"minecraft:gravel":23,"minecraft:spruce_sapling":5,"minecraft:blast_furnace":5,"minecraft:spruce_log":21,"minecraft:spider_eye":1,"minecraft:purple_bed":6,"iceandfire:silver_sword":1,"steam_powered:raw_tin":16,"minecraft:gray_wool":2,"minecraft:coal":452},"minecraft:broken":{"iceandfire:silver_pickaxe":2,"minecraft:stone_pickaxe":5,"minecraft:iron_pickaxe":2},"minecraft:mined":{"minecraft:granite":53,"minecraft:grass_block":87,"minecraft:iron_ore":99,"minecraft:cobbled_deepslate":1,"minecraft:pumpkin":1,"minecraft:deepslate_lapis_ore":7,"minecraft:stripped_dark_oak_wood":1,"minecraft:enchanting_table":1,"minecraft:brown_bed":2,"minecraft:pointed_dripstone":13,"minecraft:oak_stairs":1,"minecraft:deepslate_redstone_ore":14,"minecraft:brown_mushroom":3,"minecraft:red_bed":2,"iceandfire:dragon_ice_spikes":1,"minecraft:clay":23,"minecraft:blast_furnace":5,"minecraft:chest":6,"minecraft:cobblestone":1,"minecraft:sugar_cane":1,"minecraft:oak_planks":1,"minecraft:wall_torch":1,"minecraft:skeleton_skull":1,"minecraft:birch_log":2,"minecraft:wither_rose":4,"minecraft:grass":8,"minecraft:oak_log":20,"minecraft:dirt":136,"minecraft:stonecutter":1,"minecraft:oak_leaves":1,"minecraft:deepslate":717,"minecraft:tuff":71,"iceandfire:silver_ore":30,"minecraft:mossy_cobblestone":3,"minecraft:deepslate_diamond_ore":1,"minecraft:stripped_birch_log":68,"minecraft:glow_lichen":2,"minecraft:spruce_fence":2,"minecraft:spruce_leaves":29,"steam_powered:tin_ore":16,"minecraft:large_fern":12,"minecraft:hay_block":20,"steam_powered:zinc_ore":15,"minecraft:furnace":1,"minecraft:snow":8,"minecraft:andesite":89,"minecraft:gold_block":2,"minecraft:bookshelf":20,"minecraft:deepslate_iron_ore":28,"minecraft:vine":2,"minecraft:stripped_oak_log":1,"iceandfire:frost_lily":1,"minecraft:stone":597,"minecraft:oak_slab":6,"minecraft:gray_concrete":1,"minecraft:brown_stained_glass_pane":2,"minecraft:oak_fence":5,"minecraft:crafting_table":5,"minecraft:lectern":2,"minecraft:tall_grass":7,"minecraft:copper_ore":30,"minecraft:lapis_ore":5,"minecraft:deepslate_gold_ore":50,"minecraft:diorite":43,"minecraft:orange_carpet":3,"minecraft:spruce_stairs":5,"minecraft:gray_wool":1,"minecraft:purple_bed":2,"minecraft:coarse_dirt":1,"minecraft:sweet_berry_bush":20,"minecraft:ice":39,"minecraft:spruce_log":15,"minecraft:yellow_bed":2,"minecraft:coal_ore":399,"minecraft:dripstone_block":12,"minecraft:zombie_head":1,"minecraft:gravel":27,"minecraft:cobweb":1,"minecraft:cracked_stone_bricks":1,"minecraft:stone_bricks":3,"minecraft:fern":1},"minecraft:used":{"minecraft:iron_shovel":91,"minecraft:chest":8,"minecraft:stone":18,"minecraft:iron_sword":274,"minecraft:rotten_flesh":2,"minecraft:mutton":1,"iceandfire:copper_pickaxe":9,"minecraft:sweet_berries":47,"minecraft:furnace":1,"minecraft:potato":15,"minecraft:stone_pickaxe":666,"minecraft:oak_planks":30,"minecraft:wooden_pickaxe":56,"minecraft:white_wool":2,"minecraft:golden_apple":5,"minecraft:blast_furnace":5,"minecraft:gray_concrete":1,"iceandfire:silver_pickaxe":1210,"minecraft:zombie_head":1,"minecraft:bread":30,"minecraft:gravel":2,"minecraft:oak_boat":2,"minecraft:golden_pickaxe":15,"minecraft:enchanting_table":1,"iceandfire:silver_sword":86,"minecraft:spruce_planks":32,"minecraft:torch":41,"minecraft:dirt":88,"minecraft:spruce_stairs":34,"minecraft:granite":3,"minecraft:wooden_axe":40,"minecraft:iron_axe":243,"minecraft:cobbled_deepslate":44,"minecraft:brown_bed":2,"minecraft:cooked_mutton":11,"minecraft:brown_mushroom":1,"minecraft:crafting_table":13,"minecraft:red_bed":1,"minecraft:spruce_log":1,"minecraft:oak_log":6,"minecraft:apple":35,"minecraft:iron_pickaxe":615,"minecraft:cobblestone":103,"minecraft:potion":1,"minecraft:purple_bed":4,"minecraft:cooked_porkchop":1,"minecraft:porkchop":3,"minecraft:wither_rose":3,"alexsmobs:animal_dictionary":1,"minecraft:gray_wool":1,"newshieldvariants:gold_shield":74}},"DataVersion":3465}