{"stats":{"minecraft:killed":{"minecraft:spider":1,"duckensinvasion:archer_duck":1},"minecraft:crafted":{"minecraft:wooden_sword":1,"minecraft:spruce_planks":48,"minecraft:wooden_pickaxe":1,"minecraft:spruce_door":3,"minecraft:furnace":2,"minecraft:glass":10,"minecraft:stick":8,"minecraft:stone_pickaxe":5,"minecraft:chest":3,"minecraft:torch":32},"minecraft:custom":{"minecraft:interact_with_furnace":11,"minecraft:mob_kills":2,"minecraft:interact_with_crafting_table":22,"minecraft:interact_with_stonecutter":1,"minecraft:leave_game":5,"minecraft:time_since_death":48982,"minecraft:time_since_rest":48982,"minecraft:sprint_one_cm":798,"minecraft:damage_taken":187,"minecraft:walk_one_cm":311816,"minecraft:drop":16,"minecraft:damage_dealt":462,"minecraft:talked_to_villager":2,"minecraft:swim_one_cm":498,"minecraft:fly_one_cm":895,"minecraft:open_chest":23,"minecraft:crouch_one_cm":163,"minecraft:play_time":48982,"minecraft:sneak_time":105,"minecraft:walk_under_water_one_cm":923,"minecraft:jump":292,"minecraft:walk_on_water_one_cm":264,"minecraft:total_world_time":48982,"minecraft:fall_one_cm":1492},"minecraft:dropped":{"minecraft:bread":17,"minecraft:sweet_berries":3,"minecraft:cobblestone":16,"minecraft:rotten_flesh":5,"minecraft:dirt":1,"minecraft:spruce_planks":112,"minecraft:wooden_sword":1},"minecraft:picked_up":{"minecraft:string":1,"minecraft:dirt":15,"minecraft:iron_axe":1,"minecraft:wooden_sword":1,"minecraft:item_frame":1,"minecraft:spruce_planks":2,"minecraft:stick":2,"minecraft:pumpkin":1,"minecraft:sweet_berries":12,"minecraft:torch":1,"minecraft:sand":10,"minecraft:spruce_sapling":9,"minecraft:spruce_log":57,"minecraft:spruce_door":1,"minecraft:rotten_flesh":5,"steam_powered:raw_tin":3,"duckensinvasion:duck_feather":1,"minecraft:bread":31,"iceandfire:raw_silver":6,"minecraft:cobblestone":380},"minecraft:mined":{"minecraft:spruce_planks":2,"iceandfire:silver_ore":6,"minecraft:spruce_door":1,"minecraft:grass_block":7,"minecraft:cobblestone":1,"minecraft:spruce_leaves":7,"steam_powered:tin_ore":3,"minecraft:wall_torch":1,"minecraft:sweet_berry_bush":5,"minecraft:ice":28,"minecraft:spruce_log":64,"minecraft:pumpkin":1,"minecraft:grass":2,"minecraft:sand":10,"minecraft:dirt":8,"minecraft:stone":389},"minecraft:broken":{"minecraft:stone_pickaxe":3},"minecraft:used":{"minecraft:spruce_door":4,"minecraft:stone_pickaxe":411,"minecraft:spruce_planks":34,"minecraft:chest":3,"minecraft:wooden_pickaxe":15,"minecraft:torch":9,"minecraft:glass":7,"minecraft:iron_axe":92,"minecraft:bread":1,"minecraft:spruce_sapling":9,"minecraft:item_frame":1,"minecraft:wooden_sword":10,"minecraft:cobblestone":10,"minecraft:sweet_berries":8,"minecraft:furnace":2,"alexsmobs:animal_dictionary":1,"minecraft:pumpkin":1}},"DataVersion":3465}