{"stats":{"minecraft:killed":{"minecraft:spider":1,"duckensinvasion:archer_duck":3},"minecraft:crafted":{"minecraft:wooden_sword":1,"minecraft:smooth_stone":31,"minecraft:stone_shovel":1,"minecraft:smooth_stone_slab":60,"minecraft:spruce_planks":48,"minecraft:wooden_pickaxe":1,"minecraft:spruce_door":3,"minecraft:furnace":2,"minecraft:copper_ingot":42,"minecraft:stone":54,"minecraft:air":0,"minecraft:glass":24,"minecraft:stick":8,"minecraft:iron_pickaxe":1,"minecraft:stone_pickaxe":5,"minecraft:chest":3,"minecraft:torch":32},"minecraft:custom":{"minecraft:interact_with_furnace":53,"minecraft:mob_kills":4,"minecraft:interact_with_crafting_table":30,"minecraft:interact_with_stonecutter":1,"minecraft:leave_game":5,"minecraft:time_since_death":72982,"minecraft:time_since_rest":72982,"minecraft:sprint_one_cm":1325,"minecraft:damage_taken":392,"minecraft:walk_one_cm":434887,"minecraft:drop":16,"minecraft:damage_dealt":617,"minecraft:talked_to_villager":2,"minecraft:swim_one_cm":498,"minecraft:fly_one_cm":1191,"minecraft:open_chest":65,"minecraft:crouch_one_cm":506,"minecraft:play_time":72982,"minecraft:sneak_time":248,"minecraft:walk_under_water_one_cm":923,"minecraft:jump":349,"minecraft:walk_on_water_one_cm":264,"minecraft:total_world_time":72982,"minecraft:fall_one_cm":2165},"minecraft:dropped":{"minecraft:bread":17,"minecraft:sweet_berries":3,"minecraft:cobblestone":16,"minecraft:rotten_flesh":5,"minecraft:dirt":1,"minecraft:spruce_planks":112,"minecraft:wooden_sword":1},"minecraft:picked_up":{"minecraft:yellow_bed":3,"minecraft:string":1,"minecraft:dirt":75,"minecraft:iron_axe":1,"minecraft:wooden_sword":1,"minecraft:item_frame":1,"minecraft:spruce_planks":2,"minecraft:stick":2,"minecraft:pumpkin":1,"minecraft:sweet_berries":12,"minecraft:torch":4,"minecraft:sand":24,"minecraft:spruce_sapling":9,"minecraft:spruce_log":57,"minecraft:spruce_door":2,"minecraft:arrow":1,"minecraft:rotten_flesh":5,"steam_powered:raw_tin":3,"duckensinvasion:duck_feather":2,"minecraft:bread":31,"minecraft:coal":12,"minecraft:snowball":2,"iceandfire:raw_silver":6,"minecraft:cobblestone":425},"minecraft:mined":{"minecraft:spruce_planks":2,"iceandfire:silver_ore":6,"minecraft:spruce_door":1,"minecraft:grass_block":39,"minecraft:cobblestone":2,"minecraft:spruce_leaves":7,"steam_powered:tin_ore":3,"minecraft:wall_torch":4,"minecraft:snow":2,"minecraft:sweet_berry_bush":5,"minecraft:ice":28,"minecraft:spruce_log":64,"minecraft:pumpkin":1,"minecraft:yellow_bed":3,"minecraft:grass":3,"minecraft:coal_ore":12,"minecraft:sand":24,"minecraft:dirt":40,"minecraft:stone":434},"minecraft:broken":{"minecraft:stone_pickaxe":3},"minecraft:used":{"minecraft:spruce_door":5,"minecraft:stone_shovel":81,"minecraft:stone_pickaxe":469,"minecraft:spruce_planks":59,"minecraft:chest":3,"minecraft:wooden_pickaxe":15,"minecraft:torch":15,"minecraft:dirt":8,"minecraft:glass":19,"minecraft:iron_axe":94,"minecraft:bread":6,"minecraft:spruce_sapling":9,"minecraft:item_frame":1,"minecraft:wooden_sword":17,"minecraft:cobblestone":28,"minecraft:sweet_berries":8,"minecraft:furnace":2,"minecraft:smooth_stone_slab":60,"minecraft:yellow_bed":2,"alexsmobs:animal_dictionary":1,"minecraft:pumpkin":1}},"DataVersion":3465}