{"stats":{"minecraft:killed":{"minecraft:spider":2,"alexsmobs:seagull":1,"minecraft:skeleton":2,"minecraft:pig":1,"alexsmobs:grizzly_bear":1,"enemyexpansion:sprinter":1,"minecraft:creeper":2,"minecraft:zombie":8,"enemyexpansion:botfly":4,"enemyexpansion:wasp":1},"minecraft:crafted":{"minecraft:wooden_sword":1,"mcwwindows:window_half_bar_base":20,"minecraft:smooth_stone":202,"minecraft:oak_planks":116,"minecraft:stone_shovel":8,"minecraft:smooth_stone_slab":372,"iceandfire:silver_shovel":3,"minecraft:furnace":2,"minecraft:cobblestone_stairs":28,"minecraft:stone":216,"minecraft:glass":24,"minecraft:iron_axe":1,"minecraft:ladder":3,"minecraft:stone_pickaxe":5,"minecraft:chest":10,"minecraft:birch_door":2,"minecraft:oak_fence":9,"mcwwindows:oak_window":16,"minecraft:cooked_porkchop":2,"mcwwindows:window_centre_bar_base":20,"minecraft:spruce_planks":48,"minecraft:wooden_pickaxe":1,"mcwwindows:oak_pane_window":72,"minecraft:spruce_door":3,"mcwroofs:birch_roof":110,"minecraft:copper_ingot":42,"minecraft:birch_planks":80,"minecraft:stone_axe":3,"minecraft:air":0,"mcwroofs:birch_attic_roof":8,"mcwwindows:window_base":108,"minecraft:stick":280,"minecraft:iron_pickaxe":1,"minecraft:wooden_axe":2,"minecraft:iron_shovel":1,"mcwwindows:oak_four_window":16,"newslabvariants:birch_log_slab":12,"minecraft:torch":32,"iceandfire:silver_pickaxe":1},"minecraft:custom":{"minecraft:mob_kills":28,"minecraft:interact_with_crafting_table":110,"minecraft:leave_game":12,"minecraft:time_since_death":128910,"minecraft:climb_one_cm":4012,"minecraft:sprint_one_cm":20643,"minecraft:walk_one_cm":1982310,"minecraft:drop":51,"minecraft:talked_to_villager":2,"minecraft:play_time":361043,"minecraft:deaths":2,"minecraft:sneak_time":8331,"minecraft:walk_under_water_one_cm":1085,"minecraft:jump":1436,"minecraft:walk_on_water_one_cm":2622,"minecraft:total_world_time":361043,"minecraft:interact_with_furnace":134,"minecraft:interact_with_stonecutter":1,"minecraft:sleep_in_bed":20,"minecraft:time_since_rest":8115,"minecraft:damage_taken":1810,"minecraft:damage_dealt":3695,"minecraft:swim_one_cm":498,"minecraft:fly_one_cm":8433,"minecraft:open_chest":287,"minecraft:crouch_one_cm":26102,"minecraft:interact_with_smoker":1,"minecraft:fall_one_cm":15911},"minecraft:dropped":{"minecraft:bread":26,"minecraft:birch_planks":1,"minecraft:cobblestone":140,"minecraft:spruce_stairs":3,"minecraft:stick":3,"minecraft:dirt":432,"minecraft:diorite":1,"minecraft:snowball":3,"minecraft:wooden_sword":2,"minecraft:sand":27,"minecraft:string":4,"alexsmobs:maggot":1,"minecraft:sweet_berries":3,"minecraft:sugar_cane":1,"minecraft:cobbled_deepslate":64,"minecraft:raw_iron":1,"minecraft:birch_sapling":3,"minecraft:rotten_flesh":5,"alexscaves:sea_staff":1,"minecraft:leather_chestplate":1,"minecraft:shield":1,"minecraft:spruce_planks":138,"minecraft:wooden_pickaxe":1},"minecraft:killed_by":{"man:managgresive":1,"alexsmobs:grizzly_bear":1},"minecraft:picked_up":{"minecraft:crafting_table":2,"minecraft:birch_door":5,"steam_powered:diving_suit_chestplate":1,"minecraft:ladder":10,"alexscaves:sea_staff":1,"alexscaves:cave_tablet":9,"minecraft:brown_bed":1,"minecraft:gold_block":1,"steam_powered:diving_suit_leggings":1,"mcwroofs:birch_attic_roof":7,"minecraft:shield":1,"minecraft:string":5,"mutantmonsters:mutant_skeleton_skull":1,"minecraft:raw_copper":17,"minecraft:iron_axe":1,"minecraft:wooden_sword":1,"minecraft:smooth_stone_slab":51,"minecraft:iron_leggings":2,"minecraft:item_frame":1,"minecraft:iron_shovel":1,"minecraft:zombie_head":2,"minecraft:cobbled_deepslate":64,"minecraft:gold_nugget":4,"minecraft:smooth_stone":50,"minecraft:spruce_planks":86,"minecraft:lectern":1,"minecraft:sugar_cane":37,"minecraft:chest":2,"minecraft:birch_sapling":15,"minecraft:phantom_membrane":1,"minecraft:furnace":5,"minecraft:stick":12,"minecraft:raw_iron":17,"minecraft:stone":1,"minecraft:copper_ingot":3,"minecraft:oak_fence":3,"minecraft:torch":43,"minecraft:spruce_stairs":3,"minecraft:porkchop":2,"minecraft:diorite":1,"minecraft:redstone":48,"mutantmonsters:mutant_skeleton_pelvis":1,"minecraft:stone_sword":1,"minecraft:arrow":11,"minecraft:stone_shovel":1,"minecraft:rotten_flesh":16,"minecraft:cooked_cod":1,"minecraft:beetroot_seeds":6,"mutantmonsters:mutant_skeleton_rib":4,"mutantmonsters:mutant_skeleton_shoulder_pad":2,"mcwroofs:birch_roof":8,"minecraft:snowball":15,"minecraft:white_wool":4,"minecraft:cobblestone":1074,"minecraft:birch_log":327,"minecraft:enchanting_table":2,"minecraft:feather":4,"minecraft:flint":2,"minecraft:oak_log":88,"minecraft:stripped_birch_log":96,"minecraft:lapis_lazuli":25,"minecraft:yellow_bed":8,"mcwwindows:oak_window":6,"minecraft:gunpowder":1,"minecraft:cobblestone_stairs":3,"mcwwindows:oak_four_window":14,"mutantmonsters:mutant_skeleton_limb":8,"steam_powered:diving_suit_boots":1,"mcwwindows:oak_pane_window":18,"minecraft:dirt":2225,"minecraft:paper":13,"minecraft:glass":38,"minecraft:bone":4,"minecraft:apple":14,"minecraft:wheat_seeds":1,"minecraft:cobweb":6,"minecraft:glass_bottle":2,"minecraft:book":63,"minecraft:pumpkin":1,"minecraft:sweet_berries":12,"minecraft:gravel":9,"minecraft:sand":145,"minecraft:spruce_sapling":13,"minecraft:grass_block":1,"minecraft:spruce_log":225,"minecraft:spruce_door":6,"man:tearoftheman":1,"steam_powered:raw_tin":3,"minecraft:golden_apple":2,"minecraft:gray_wool":1,"minecraft:bread":31,"alexsmobs:maggot":1,"minecraft:oak_sapling":11,"minecraft:coal":183,"iceandfire:raw_silver":7,"steam_powered:diving_suit_helmet":1},"minecraft:broken":{"minecraft:iron_shovel":1,"minecraft:stone_pickaxe":6,"minecraft:iron_axe":2,"minecraft:stone_axe":2,"minecraft:iron_pickaxe":1,"minecraft:wooden_axe":2,"iceandfire:silver_shovel":2,"minecraft:stone_shovel":7},"minecraft:mined":{"minecraft:spruce_planks":63,"iceandfire:silver_ore":7,"minecraft:cobblestone_stairs":3,"minecraft:stripped_birch_log":28,"minecraft:ladder":10,"minecraft:grass_block":771,"mcwroofs:birch_attic_roof":7,"minecraft:spruce_leaves":42,"steam_powered:tin_ore":3,"mcwwindows:oak_four_window":14,"minecraft:furnace":4,"mcwroofs:birch_roof":8,"minecraft:snow":15,"minecraft:pumpkin":1,"minecraft:brown_bed":1,"minecraft:enchanting_table":1,"mcwwindows:oak_window":7,"minecraft:stone":954,"mcwwindows:oak_pane_window":18,"minecraft:spruce_door":4,"minecraft:oak_fence":3,"minecraft:crafting_table":2,"minecraft:chest":4,"minecraft:glass":11,"minecraft:copper_ore":5,"minecraft:cobblestone":9,"minecraft:sugar_cane":1,"minecraft:wall_torch":8,"minecraft:birch_log":327,"minecraft:sweet_berry_bush":5,"minecraft:ice":28,"minecraft:lilac":1,"minecraft:spruce_log":231,"minecraft:birch_leaves":10,"minecraft:birch_door":4,"minecraft:yellow_bed":6,"minecraft:smooth_stone_slab":41,"minecraft:grass":18,"minecraft:oak_log":88,"minecraft:coal_ore":81,"minecraft:sand":120,"minecraft:zombie_head":1,"minecraft:gravel":12,"minecraft:dirt":1181,"minecraft:oak_leaves":71},"minecraft:used":{"minecraft:oak_fence":14,"minecraft:stone_sword":38,"minecraft:iron_shovel":174,"minecraft:stone_shovel":974,"minecraft:ladder":10,"minecraft:chest":12,"minecraft:spruce_planks":59,"minecraft:iron_sword":10,"minecraft:torch":52,"minecraft:dirt":87,"minecraft:carrot":2,"mcwwindows:oak_four_window":28,"minecraft:birch_door":6,"minecraft:glass":19,"minecraft:wooden_axe":113,"alexscaves:sea_staff":46,"minecraft:iron_axe":495,"mcwroofs:birch_roof":120,"minecraft:birch_sapling":12,"minecraft:item_frame":1,"minecraft:sweet_berries":8,"minecraft:oak_sapling":8,"minecraft:furnace":6,"minecraft:cooked_cod":1,"minecraft:pumpkin":1,"minecraft:brown_bed":1,"mcwwindows:oak_window":22,"minecraft:cobblestone_stairs":9,"minecraft:spruce_door":8,"minecraft:birch_planks":1,"minecraft:stripped_birch_log":96,"minecraft:stone_pickaxe":808,"minecraft:wooden_pickaxe":27,"newslabvariants:birch_log_slab":8,"minecraft:crafting_table":2,"minecraft:spruce_log":86,"iceandfire:silver_pickaxe":69,"minecraft:apple":5,"minecraft:iron_pickaxe":251,"mcwroofs:birch_attic_roof":7,"minecraft:bread":17,"minecraft:spruce_sapling":12,"minecraft:stone_axe":320,"mcwwindows:oak_pane_window":89,"minecraft:wooden_sword":41,"minecraft:cobblestone":50,"minecraft:cooked_porkchop":2,"minecraft:birch_log":180,"minecraft:smooth_stone_slab":418,"minecraft:yellow_bed":7,"alexsmobs:animal_dictionary":1,"iceandfire:silver_shovel":920}},"DataVersion":3465}