{"stats":{"minecraft:killed":{"enemyexpansion:vampbiter":1,"minecraft:spider":2,"alexsmobs:tasmanian_devil":1,"alexsmobs:seagull":1,"enemyexpansion:direwolf":1,"minecraft:skeleton":2,"minecraft:pig":1,"alexsmobs:grizzly_bear":1,"enemyexpansion:sprinter":3,"minecraft:creeper":3,"minecraft:zombie":9,"enemyexpansion:botfly":4,"iceandfire:ice_dragon":1,"alexsmobs:fly":1,"enemyexpansion:wasp":3},"minecraft:crafted":{"minecraft:wooden_sword":1,"mcwwindows:window_half_bar_base":20,"minecraft:smooth_stone":777,"minecraft:oak_planks":132,"minecraft:stone_shovel":8,"minecraft:smooth_stone_slab":372,"minecraft:iron_nugget":9,"minecraft:birch_boat":1,"iceandfire:silver_shovel":4,"minecraft:furnace":3,"minecraft:cobblestone_stairs":28,"minecraft:stone":960,"minecraft:cooked_mutton":4,"minecraft:glass":24,"minecraft:iron_axe":1,"minecraft:ladder":3,"minecraft:stone_pickaxe":6,"minecraft:chest":10,"minecraft:birch_door":2,"minecraft:oak_fence":9,"mcwwindows:oak_window":16,"iceandfire:silver_ingot":12,"minecraft:cooked_porkchop":4,"mcwwindows:window_centre_bar_base":20,"minecraft:spruce_planks":56,"minecraft:wooden_pickaxe":1,"mcwwindows:oak_pane_window":72,"mcwroofs:birch_roof":110,"minecraft:spruce_door":3,"minecraft:copper_ingot":42,"mcwroofs:roofing_hammer":1,"minecraft:birch_planks":124,"minecraft:stone_axe":3,"minecraft:air":0,"mcwroofs:birch_attic_roof":8,"minecraft:oak_boat":2,"mcwwindows:window_base":108,"minecraft:stick":288,"minecraft:iron_ingot":15,"minecraft:iron_pickaxe":2,"minecraft:wooden_axe":3,"minecraft:iron_shovel":1,"mcwwindows:oak_four_window":16,"newslabvariants:birch_log_slab":12,"minecraft:torch":32,"iceandfire:silver_pickaxe":2},"minecraft:custom":{"minecraft:mob_kills":40,"minecraft:interact_with_crafting_table":129,"minecraft:leave_game":14,"minecraft:time_since_death":18613,"minecraft:climb_one_cm":5028,"minecraft:sprint_one_cm":66024,"minecraft:walk_one_cm":2760981,"minecraft:drop":52,"minecraft:talked_to_villager":2,"minecraft:play_time":511118,"minecraft:deaths":4,"minecraft:sneak_time":14071,"minecraft:walk_under_water_one_cm":25009,"minecraft:boat_one_cm":257547,"minecraft:jump":2020,"minecraft:interact_with_blast_furnace":12,"minecraft:walk_on_water_one_cm":7670,"minecraft:total_world_time":511118,"minecraft:interact_with_furnace":306,"minecraft:interact_with_stonecutter":1,"minecraft:sleep_in_bed":28,"minecraft:time_since_rest":18645,"minecraft:damage_taken":2975,"minecraft:damage_dealt":5619,"minecraft:swim_one_cm":597,"minecraft:fly_one_cm":14749,"minecraft:open_chest":446,"minecraft:crouch_one_cm":39925,"minecraft:interact_with_smoker":1,"minecraft:fall_one_cm":20147},"minecraft:dropped":{"minecraft:bread":26,"minecraft:birch_planks":1,"minecraft:cobblestone":140,"minecraft:spruce_stairs":3,"minecraft:stick":3,"minecraft:dirt":432,"minecraft:diorite":1,"minecraft:snowball":3,"minecraft:wooden_sword":2,"minecraft:sand":27,"minecraft:string":4,"alexsmobs:maggot":1,"minecraft:sweet_berries":3,"minecraft:sugar_cane":1,"minecraft:cobbled_deepslate":64,"minecraft:raw_iron":1,"minecraft:birch_sapling":3,"minecraft:rotten_flesh":5,"alexscaves:sea_staff":1,"minecraft:leather_chestplate":1,"steam_powered:raw_tin":1,"minecraft:shield":1,"minecraft:spruce_planks":138,"minecraft:wooden_pickaxe":1},"minecraft:killed_by":{"man:managgresive":1,"iceandfire:ice_dragon":2,"alexsmobs:grizzly_bear":1},"minecraft:picked_up":{"minecraft:birch_door":5,"minecraft:crafting_table":2,"steam_powered:diving_suit_chestplate":1,"minecraft:ladder":10,"alexscaves:sea_staff":1,"alexscaves:cave_tablet":9,"enemyexpansion:wasp_thorax":1,"minecraft:brown_bed":1,"minecraft:gold_block":1,"steam_powered:diving_suit_leggings":1,"iceandfire:frozen_cobblestone":20,"mcwroofs:birch_attic_roof":7,"minecraft:shield":1,"minecraft:string":5,"mutantmonsters:mutant_skeleton_skull":1,"minecraft:raw_copper":17,"minecraft:iron_axe":1,"minecraft:wooden_sword":1,"minecraft:smooth_stone_slab":51,"minecraft:iron_leggings":2,"minecraft:item_frame":1,"minecraft:iron_shovel":1,"minecraft:zombie_head":2,"minecraft:smooth_stone":53,"minecraft:gold_nugget":4,"minecraft:cobbled_deepslate":64,"minecraft:spruce_planks":86,"minecraft:lectern":1,"minecraft:sugar_cane":37,"minecraft:chest":2,"minecraft:birch_sapling":15,"minecraft:phantom_membrane":1,"minecraft:furnace":5,"minecraft:raw_iron":32,"minecraft:stick":15,"minecraft:stone":1,"minecraft:copper_ingot":3,"minecraft:oak_fence":3,"minecraft:torch":59,"minecraft:spruce_stairs":3,"minecraft:porkchop":2,"minecraft:diorite":1,"minecraft:redstone":48,"mutantmonsters:mutant_skeleton_pelvis":1,"minecraft:stone_sword":1,"minecraft:arrow":11,"minecraft:stone_shovel":1,"minecraft:rotten_flesh":18,"minecraft:cooked_cod":1,"minecraft:beetroot_seeds":6,"mutantmonsters:mutant_skeleton_rib":4,"mutantmonsters:mutant_skeleton_shoulder_pad":2,"mcwroofs:birch_roof":8,"minecraft:snowball":15,"minecraft:white_wool":4,"minecraft:cobblestone":2444,"minecraft:birch_log":327,"minecraft:enchanting_table":2,"minecraft:feather":4,"minecraft:flint":4,"minecraft:oak_log":105,"minecraft:stripped_birch_log":96,"minecraft:yellow_bed":8,"mcwwindows:oak_window":6,"minecraft:gunpowder":5,"minecraft:cobblestone_stairs":3,"mutantmonsters:mutant_skeleton_limb":8,"mcwwindows:oak_four_window":14,"steam_powered:diving_suit_boots":1,"minecraft:lapis_lazuli":25,"mcwwindows:oak_pane_window":18,"minecraft:dirt":2912,"minecraft:paper":13,"minecraft:glass":38,"minecraft:bone":4,"minecraft:apple":14,"minecraft:wheat_seeds":2,"minecraft:cobweb":6,"minecraft:glass_bottle":2,"minecraft:book":63,"minecraft:pumpkin":1,"minecraft:sweet_berries":12,"minecraft:gravel":47,"minecraft:sand":146,"minecraft:spruce_sapling":13,"minecraft:ink_sac":12,"minecraft:spruce_log":227,"minecraft:grass_block":1,"minecraft:spruce_door":6,"man:tearoftheman":1,"steam_powered:raw_tin":4,"iceandfire:dragon_ice":3,"minecraft:golden_apple":2,"minecraft:gray_wool":1,"minecraft:bread":31,"alexsmobs:maggot":1,"minecraft:oak_sapling":16,"iceandfire:silver_nugget":4,"minecraft:coal":266,"steam_powered:diving_suit_helmet":1,"iceandfire:raw_silver":15},"minecraft:broken":{"minecraft:iron_shovel":1,"minecraft:stone_sword":1,"iceandfire:silver_pickaxe":2,"minecraft:stone_pickaxe":7,"minecraft:iron_axe":2,"minecraft:stone_axe":2,"minecraft:iron_pickaxe":3,"minecraft:wooden_axe":2,"iceandfire:silver_shovel":3,"minecraft:stone_shovel":8},"minecraft:mined":{"minecraft:spruce_planks":63,"iceandfire:silver_ore":15,"minecraft:cobblestone_stairs":3,"minecraft:stripped_birch_log":28,"iceandfire:frozen_cobblestone":1,"minecraft:glow_lichen":2,"minecraft:ladder":10,"minecraft:grass_block":1061,"mcwroofs:birch_attic_roof":7,"minecraft:spruce_leaves":42,"steam_powered:tin_ore":4,"minecraft:smooth_stone":2,"mcwwindows:oak_four_window":14,"minecraft:furnace":4,"mcwroofs:birch_roof":8,"minecraft:iron_ore":16,"minecraft:snow":15,"minecraft:pumpkin":1,"minecraft:brown_bed":1,"minecraft:enchanting_table":1,"mcwwindows:oak_window":7,"minecraft:stone":2317,"mcwwindows:oak_pane_window":18,"minecraft:oak_fence":3,"minecraft:spruce_door":4,"minecraft:torch":9,"minecraft:crafting_table":2,"minecraft:chest":4,"minecraft:glass":11,"minecraft:copper_ore":5,"minecraft:cobblestone":16,"minecraft:sugar_cane":1,"minecraft:wall_torch":13,"minecraft:birch_log":327,"minecraft:sweet_berry_bush":5,"minecraft:ice":33,"minecraft:lilac":1,"minecraft:spruce_log":233,"minecraft:birch_leaves":10,"minecraft:birch_door":4,"minecraft:yellow_bed":6,"minecraft:smooth_stone_slab":41,"minecraft:grass":18,"minecraft:coal_ore":164,"minecraft:oak_log":105,"minecraft:zombie_head":1,"minecraft:gravel":52,"minecraft:dirt":1611,"minecraft:sand":120,"minecraft:oak_leaves":73},"minecraft:used":{"minecraft:oak_fence":14,"minecraft:stone_sword":65,"minecraft:iron_shovel":174,"minecraft:stone_shovel":1054,"minecraft:ladder":10,"minecraft:chest":12,"minecraft:spruce_planks":59,"minecraft:iron_sword":85,"minecraft:torch":75,"minecraft:dirt":177,"minecraft:carrot":2,"mcwwindows:oak_four_window":28,"minecraft:birch_door":6,"minecraft:glass":19,"minecraft:wooden_axe":113,"alexscaves:sea_staff":46,"minecraft:iron_axe":495,"minecraft:grass_block":1,"mcwroofs:birch_roof":120,"minecraft:birch_sapling":12,"iceandfire:dragon_ice":3,"minecraft:item_frame":1,"minecraft:sweet_berries":8,"minecraft:oak_sapling":10,"minecraft:furnace":8,"minecraft:cooked_cod":1,"iceandfire:frozen_cobblestone":1,"minecraft:pumpkin":1,"minecraft:brown_bed":1,"minecraft:cooked_mutton":3,"mcwwindows:oak_window":22,"minecraft:cobblestone_stairs":9,"minecraft:spruce_door":8,"minecraft:birch_planks":1,"minecraft:stone_pickaxe":939,"minecraft:stripped_birch_log":96,"minecraft:wooden_pickaxe":27,"minecraft:birch_boat":1,"newslabvariants:birch_log_slab":8,"minecraft:crafting_table":2,"minecraft:spruce_log":86,"iceandfire:silver_pickaxe":920,"minecraft:oak_log":1,"minecraft:apple":14,"minecraft:iron_pickaxe":758,"mcwroofs:birch_attic_roof":7,"minecraft:bread":17,"minecraft:gravel":3,"minecraft:spruce_sapling":12,"minecraft:stone_axe":333,"mcwwindows:oak_pane_window":89,"minecraft:wooden_sword":41,"minecraft:cobblestone":70,"minecraft:cooked_porkchop":4,"minecraft:birch_log":180,"minecraft:smooth_stone_slab":418,"minecraft:yellow_bed":7,"minecraft:oak_boat":2,"alexsmobs:animal_dictionary":1,"iceandfire:silver_shovel":1581,"minecraft:smooth_stone":407}},"DataVersion":3465}