{"stats":{"minecraft:killed":{"minecraft:spider":4,"enemyexpansion:equestrian":1,"minecraft:skeleton":6,"alexsmobs:centipede_head":1,"enemyexpansion:vampflyer":1,"minecraft:pig":1,"alexsmobs:grizzly_bear":1,"minecraft:creeper":3,"minecraft:zombie":18,"enemyexpansion:botfly":7,"alexsmobs:fly":1,"enemyexpansion:wasp":4,"enemyexpansion:vampbiter":1,"enemyexpansion:intruder":2,"alexsmobs:tasmanian_devil":1,"alexsmobs:seagull":1,"enemyexpansion:direwolf":5,"minecraft:drowned":1,"enemyexpansion:sprinter":4,"enemyexpansion:huntsman":3,"iceandfire:ice_dragon":1},"minecraft:crafted":{"mcwwindows:window_half_bar_base":20,"minecraft:smooth_stone":969,"minecraft:oak_planks":148,"minecraft:birch_boat":1,"iceandfire:silver_shovel":4,"minecraft:stone":1035,"minecraft:cobblestone_stairs":28,"minecraft:cooked_mutton":4,"minecraft:glass":24,"minecraft:chest":11,"minecraft:birch_door":2,"minecraft:oak_fence":9,"minecraft:cooked_porkchop":4,"mcwwindows:window_centre_bar_base":20,"minecraft:spruce_planks":56,"mcwwindows:oak_pane_window":72,"minecraft:wooden_pickaxe":1,"minecraft:baked_potato":18,"minecraft:spruce_door":3,"minecraft:copper_ingot":42,"mcwroofs:roofing_hammer":1,"minecraft:birch_planks":124,"mcwroofs:birch_attic_roof":8,"mcwwindows:window_base":108,"minecraft:shield":1,"minecraft:stick":320,"minecraft:iron_ingot":15,"minecraft:iron_pickaxe":4,"mcwwindows:oak_four_window":16,"minecraft:wooden_sword":1,"minecraft:stone_shovel":8,"minecraft:smooth_stone_slab":372,"minecraft:iron_nugget":9,"minecraft:furnace":3,"minecraft:iron_axe":1,"minecraft:ladder":3,"minecraft:stone_pickaxe":6,"mcwwindows:oak_window":16,"iceandfire:silver_ingot":12,"minecraft:iron_sword":1,"mcwroofs:birch_roof":110,"minecraft:stone_axe":3,"minecraft:air":0,"minecraft:oak_boat":2,"minecraft:wooden_axe":3,"minecraft:iron_shovel":1,"newslabvariants:birch_log_slab":12,"minecraft:torch":204,"iceandfire:silver_pickaxe":5},"minecraft:custom":{"minecraft:interact_with_crafting_table":134,"minecraft:leave_game":16,"minecraft:time_since_death":79388,"minecraft:sprint_one_cm":86456,"minecraft:damage_blocked_by_shield":1815,"minecraft:drop":72,"minecraft:talked_to_villager":2,"minecraft:play_time":642430,"minecraft:deaths":7,"minecraft:jump":2752,"minecraft:walk_on_water_one_cm":35990,"minecraft:interact_with_furnace":338,"minecraft:sleep_in_bed":33,"minecraft:damage_dealt":12443,"minecraft:crouch_one_cm":47167,"minecraft:interact_with_smoker":4,"minecraft:mob_kills":87,"minecraft:climb_one_cm":5028,"minecraft:walk_one_cm":3604276,"minecraft:sneak_time":17918,"minecraft:walk_under_water_one_cm":26077,"minecraft:boat_one_cm":310287,"minecraft:interact_with_blast_furnace":17,"minecraft:total_world_time":642430,"minecraft:interact_with_stonecutter":1,"minecraft:time_since_rest":22591,"minecraft:damage_taken":4838,"minecraft:swim_one_cm":597,"minecraft:fly_one_cm":25314,"minecraft:open_chest":519,"minecraft:fall_one_cm":31006},"minecraft:dropped":{"minecraft:birch_planks":1,"minecraft:dirt":433,"minecraft:snowball":3,"minecraft:wooden_sword":2,"minecraft:sand":27,"minecraft:bone":1,"minecraft:sugar_cane":1,"minecraft:cobbled_deepslate":74,"minecraft:birch_sapling":3,"minecraft:rotten_flesh":5,"alexscaves:sea_staff":1,"minecraft:leather_chestplate":1,"steam_powered:raw_tin":1,"minecraft:bread":26,"minecraft:oak_fence":3,"minecraft:cobblestone":149,"minecraft:spruce_stairs":3,"minecraft:stick":3,"minecraft:diorite":1,"minecraft:string":4,"iceandfire:frozen_cobblestone":40,"minecraft:furnace":1,"alexsmobs:maggot":1,"minecraft:sweet_berries":3,"minecraft:raw_iron":1,"minecraft:potato":1,"minecraft:shield":1,"minecraft:spruce_planks":138,"minecraft:andesite":1,"minecraft:spider_eye":1,"minecraft:wooden_pickaxe":1},"minecraft:killed_by":{"man:managgresive":1,"iceandfire:ice_dragon":2,"alexsmobs:grizzly_bear":1,"enemyexpansion:invisicreeper":1,"creepycreepers:tuff_creeper":1,"enemyexpansion:direwolf":1},"minecraft:picked_up":{"minecraft:birch_door":5,"alexscaves:sea_staff":1,"alexscaves:cave_tablet":9,"enemyexpansion:wasp_thorax":1,"minecraft:brown_bed":1,"minecraft:string":7,"minecraft:raw_copper":17,"mutantmonsters:mutant_skeleton_skull":1,"minecraft:smooth_stone_slab":51,"minecraft:iron_leggings":2,"minecraft:zombie_head":2,"minecraft:cobbled_deepslate":85,"minecraft:gold_nugget":4,"minecraft:smooth_stone":53,"minecraft:spruce_planks":86,"minecraft:iron_pickaxe":1,"minecraft:furnace":6,"minecraft:stick":15,"minecraft:oak_fence":6,"minecraft:torch":70,"minecraft:spruce_stairs":3,"minecraft:porkchop":2,"minecraft:diorite":1,"alexsmobs:centipede_leg":2,"mutantmonsters:mutant_skeleton_pelvis":1,"minecraft:stone_sword":1,"minecraft:rotten_flesh":23,"mutantmonsters:mutant_skeleton_shoulder_pad":2,"mcwroofs:birch_roof":8,"minecraft:snowball":15,"minecraft:cobblestone":2454,"minecraft:birch_log":327,"minecraft:enchanting_table":2,"minecraft:feather":4,"minecraft:andesite":1,"minecraft:potato":19,"minecraft:flint":4,"minecraft:tuff":2,"minecraft:dirt":2915,"steam_powered:diving_suit_boots":1,"minecraft:lapis_lazuli":25,"minecraft:stripped_birch_log":96,"minecraft:glass":38,"minecraft:bone":11,"minecraft:wheat_seeds":2,"minecraft:powered_rail":3,"minecraft:oak_planks":1,"minecraft:cooked_porkchop":1,"minecraft:sand":146,"minecraft:ink_sac":16,"minecraft:grass_block":1,"man:tearoftheman":1,"minecraft:diamond":3,"iceandfire:dragon_ice":3,"minecraft:golden_apple":2,"minecraft:bread":33,"alexsmobs:maggot":1,"minecraft:oak_sapling":16,"iceandfire:silver_nugget":4,"iceandfire:raw_silver":15,"steam_powered:diving_suit_helmet":1,"minecraft:crafting_table":2,"steam_powered:diving_suit_chestplate":1,"minecraft:ladder":10,"minecraft:chest_minecart":1,"minecraft:gold_block":1,"steam_powered:diving_suit_leggings":1,"iceandfire:frozen_cobblestone":41,"mcwroofs:birch_attic_roof":7,"minecraft:shield":1,"minecraft:iron_axe":1,"minecraft:wooden_sword":1,"minecraft:item_frame":1,"minecraft:iron_shovel":1,"minecraft:lectern":1,"minecraft:sugar_cane":37,"minecraft:chest":2,"minecraft:birch_sapling":15,"minecraft:phantom_membrane":1,"minecraft:raw_iron":35,"iceandfire:dragonbone":1,"minecraft:stone":1,"minecraft:copper_ingot":3,"minecraft:redstone":65,"minecraft:cooked_cod":1,"minecraft:arrow":18,"minecraft:stone_shovel":1,"minecraft:beetroot_seeds":12,"mutantmonsters:mutant_skeleton_rib":4,"minecraft:gold_ingot":3,"minecraft:white_wool":4,"minecraft:rail":61,"minecraft:oak_log":109,"minecraft:cobblestone_stairs":3,"minecraft:yellow_bed":8,"minecraft:gunpowder":9,"mcwwindows:oak_window":6,"mcwwindows:oak_four_window":14,"mutantmonsters:mutant_skeleton_limb":8,"mcwwindows:oak_pane_window":18,"minecraft:paper":13,"minecraft:apple":14,"minecraft:cobweb":6,"minecraft:glass_bottle":2,"minecraft:book":63,"minecraft:pumpkin":1,"minecraft:sweet_berries":12,"minecraft:gravel":54,"minecraft:spruce_sapling":13,"minecraft:spruce_log":227,"minecraft:spruce_door":6,"minecraft:spider_eye":1,"steam_powered:raw_tin":4,"minecraft:gray_wool":1,"minecraft:baked_potato":9,"minecraft:coal":267},"minecraft:broken":{"minecraft:iron_shovel":1,"iceandfire:silver_pickaxe":2,"minecraft:stone_pickaxe":7,"minecraft:stone_axe":2,"minecraft:wooden_axe":2,"iceandfire:silver_shovel":3,"minecraft:stone_shovel":8,"minecraft:stone_sword":1,"minecraft:shield":1,"minecraft:iron_axe":2,"minecraft:iron_pickaxe":3},"minecraft:mined":{"minecraft:spruce_planks":63,"minecraft:cobblestone_stairs":3,"minecraft:grass_block":1061,"mcwroofs:birch_attic_roof":7,"minecraft:spawner":1,"minecraft:smooth_stone":2,"mcwroofs:birch_roof":8,"minecraft:iron_ore":16,"minecraft:pumpkin":1,"minecraft:deepslate_lapis_ore":1,"minecraft:enchanting_table":1,"minecraft:brown_bed":1,"minecraft:deepslate_redstone_ore":4,"minecraft:torch":16,"minecraft:chest":4,"minecraft:glass":11,"minecraft:cobblestone":16,"minecraft:sugar_cane":1,"minecraft:wall_torch":15,"minecraft:birch_log":327,"minecraft:lilac":1,"minecraft:birch_door":4,"minecraft:smooth_stone_slab":41,"minecraft:grass":18,"minecraft:oak_log":109,"minecraft:sand":120,"minecraft:dirt":1614,"minecraft:oak_leaves":77,"minecraft:deepslate":1,"iceandfire:silver_ore":15,"minecraft:deepslate_diamond_ore":3,"minecraft:stripped_birch_log":28,"iceandfire:frozen_cobblestone":1,"minecraft:glow_lichen":3,"minecraft:ladder":10,"minecraft:spruce_leaves":42,"steam_powered:tin_ore":4,"mcwwindows:oak_four_window":14,"minecraft:furnace":5,"minecraft:snow":15,"mcwwindows:oak_window":7,"minecraft:deepslate_iron_ore":3,"minecraft:rail":47,"minecraft:stone":2318,"mcwwindows:oak_pane_window":18,"minecraft:spruce_door":4,"minecraft:oak_fence":5,"minecraft:crafting_table":2,"minecraft:copper_ore":5,"minecraft:sweet_berry_bush":5,"minecraft:ice":33,"minecraft:spruce_log":233,"minecraft:birch_leaves":10,"minecraft:yellow_bed":6,"minecraft:coal_ore":165,"minecraft:zombie_head":1,"minecraft:gravel":52},"minecraft:used":{"minecraft:iron_shovel":174,"minecraft:ladder":10,"minecraft:chest":13,"minecraft:shield":63,"minecraft:iron_sword":244,"minecraft:carrot":2,"mcwwindows:oak_four_window":28,"minecraft:glass":19,"minecraft:grass_block":1,"minecraft:birch_sapling":12,"minecraft:item_frame":1,"minecraft:sweet_berries":8,"minecraft:furnace":8,"minecraft:oak_sapling":10,"minecraft:cooked_cod":1,"iceandfire:frozen_cobblestone":1,"minecraft:spruce_door":8,"minecraft:stripped_birch_log":96,"minecraft:stone_pickaxe":939,"minecraft:wooden_pickaxe":27,"iceandfire:silver_pickaxe":920,"minecraft:bread":17,"minecraft:gravel":3,"minecraft:wooden_sword":41,"minecraft:birch_log":180,"minecraft:smooth_stone_slab":418,"minecraft:oak_boat":2,"minecraft:oak_fence":14,"minecraft:stone_sword":65,"minecraft:stone_shovel":1054,"minecraft:spruce_planks":59,"minecraft:torch":252,"minecraft:dirt":277,"minecraft:birch_door":6,"minecraft:wooden_axe":133,"alexscaves:sea_staff":46,"minecraft:iron_axe":495,"mcwroofs:birch_roof":120,"iceandfire:dragon_ice":3,"minecraft:pumpkin":1,"minecraft:brown_bed":1,"minecraft:cooked_mutton":3,"mcwwindows:oak_window":22,"minecraft:cobblestone_stairs":9,"minecraft:birch_planks":1,"minecraft:baked_potato":19,"minecraft:birch_boat":1,"newslabvariants:birch_log_slab":8,"minecraft:crafting_table":2,"minecraft:spruce_log":86,"minecraft:oak_log":1,"minecraft:apple":18,"mcwroofs:birch_attic_roof":7,"minecraft:iron_pickaxe":818,"minecraft:spruce_sapling":12,"minecraft:stone_axe":333,"mcwwindows:oak_pane_window":89,"minecraft:cobblestone":70,"minecraft:cooked_porkchop":4,"minecraft:yellow_bed":7,"alexsmobs:animal_dictionary":1,"iceandfire:silver_shovel":1581,"minecraft:smooth_stone":727}},"DataVersion":3465}