{"stats":{"minecraft:killed":{"minecraft:spider":1,"duckensinvasion:archer_duck":3},"minecraft:crafted":{"minecraft:wooden_sword":1,"minecraft:smooth_stone":86,"minecraft:stone_shovel":1,"minecraft:smooth_stone_slab":150,"minecraft:spruce_planks":48,"minecraft:wooden_pickaxe":1,"minecraft:spruce_door":3,"minecraft:furnace":2,"minecraft:copper_ingot":42,"minecraft:stone":96,"minecraft:air":0,"minecraft:glass":24,"minecraft:stick":8,"minecraft:iron_pickaxe":1,"minecraft:stone_pickaxe":5,"minecraft:chest":3,"minecraft:iron_shovel":1,"minecraft:torch":32},"minecraft:custom":{"minecraft:interact_with_furnace":86,"minecraft:mob_kills":4,"minecraft:interact_with_crafting_table":36,"minecraft:interact_with_stonecutter":1,"minecraft:leave_game":6,"minecraft:time_since_death":95565,"minecraft:sleep_in_bed":1,"minecraft:time_since_rest":6782,"minecraft:sprint_one_cm":1577,"minecraft:damage_taken":422,"minecraft:walk_one_cm":539830,"minecraft:drop":16,"minecraft:damage_dealt":617,"minecraft:swim_one_cm":498,"minecraft:talked_to_villager":2,"minecraft:fly_one_cm":1191,"minecraft:open_chest":100,"minecraft:crouch_one_cm":678,"minecraft:play_time":95565,"minecraft:sneak_time":365,"minecraft:walk_under_water_one_cm":923,"minecraft:jump":395,"minecraft:walk_on_water_one_cm":264,"minecraft:total_world_time":95565,"minecraft:fall_one_cm":3483},"minecraft:dropped":{"minecraft:bread":17,"minecraft:sweet_berries":3,"minecraft:rotten_flesh":5,"minecraft:cobblestone":16,"minecraft:dirt":1,"minecraft:spruce_planks":112,"minecraft:wooden_sword":1},"minecraft:picked_up":{"minecraft:yellow_bed":3,"minecraft:dirt":178,"minecraft:string":1,"minecraft:iron_axe":1,"minecraft:wooden_sword":1,"minecraft:smooth_stone_slab":7,"minecraft:item_frame":1,"minecraft:spruce_planks":17,"minecraft:stick":2,"minecraft:pumpkin":1,"minecraft:sweet_berries":12,"minecraft:torch":7,"minecraft:sand":24,"minecraft:spruce_sapling":9,"minecraft:spruce_log":57,"minecraft:spruce_door":4,"minecraft:arrow":1,"minecraft:rotten_flesh":5,"steam_powered:raw_tin":3,"duckensinvasion:duck_feather":2,"minecraft:bread":31,"minecraft:coal":12,"minecraft:snowball":2,"iceandfire:raw_silver":6,"minecraft:cobblestone":635},"minecraft:mined":{"minecraft:spruce_planks":17,"iceandfire:silver_ore":6,"minecraft:spruce_door":3,"minecraft:grass_block":41,"minecraft:cobblestone":3,"minecraft:spruce_leaves":7,"steam_powered:tin_ore":3,"minecraft:wall_torch":7,"minecraft:snow":2,"minecraft:sweet_berry_bush":5,"minecraft:ice":28,"minecraft:spruce_log":64,"minecraft:pumpkin":1,"minecraft:smooth_stone_slab":7,"minecraft:yellow_bed":3,"minecraft:grass":3,"minecraft:coal_ore":12,"minecraft:sand":24,"minecraft:dirt":141,"minecraft:stone":646},"minecraft:broken":{"minecraft:stone_pickaxe":5,"minecraft:stone_shovel":1},"minecraft:used":{"minecraft:iron_shovel":52,"minecraft:spruce_door":5,"minecraft:stone_shovel":132,"minecraft:stone_pickaxe":689,"minecraft:chest":3,"minecraft:spruce_planks":59,"minecraft:wooden_pickaxe":15,"minecraft:torch":16,"minecraft:dirt":32,"minecraft:glass":19,"minecraft:iron_axe":112,"minecraft:bread":7,"minecraft:spruce_sapling":9,"minecraft:item_frame":1,"minecraft:wooden_sword":17,"minecraft:cobblestone":34,"minecraft:sweet_berries":8,"minecraft:furnace":2,"minecraft:smooth_stone_slab":157,"minecraft:yellow_bed":3,"alexsmobs:animal_dictionary":1,"minecraft:pumpkin":1}},"DataVersion":3465}