{"stats":{"minecraft:killed":{"minecraft:spider":1},"minecraft:crafted":{"minecraft:wooden_sword":1,"minecraft:spruce_planks":48,"minecraft:stick":4,"minecraft:chest":1,"minecraft:wooden_pickaxe":1,"minecraft:stone_pickaxe":1,"minecraft:spruce_door":3,"minecraft:furnace":1},"minecraft:dropped":{"minecraft:bread":2,"minecraft:dirt":1,"minecraft:sweet_berries":3,"minecraft:cobblestone":16,"minecraft:rotten_flesh":5,"minecraft:wooden_sword":1},"minecraft:custom":{"minecraft:time_since_rest":25573,"minecraft:interact_with_furnace":2,"minecraft:sprint_one_cm":565,"minecraft:damage_taken":103,"minecraft:walk_one_cm":182876,"minecraft:mob_kills":1,"minecraft:drop":13,"minecraft:damage_dealt":297,"minecraft:crouch_one_cm":88,"minecraft:talked_to_villager":2,"minecraft:interact_with_crafting_table":9,"minecraft:fly_one_cm":690,"minecraft:open_chest":9,"minecraft:play_time":25573,"minecraft:sneak_time":29,"minecraft:jump":177,"minecraft:interact_with_stonecutter":1,"minecraft:walk_on_water_one_cm":189,"minecraft:leave_game":4,"minecraft:time_since_death":25573,"minecraft:total_world_time":25573,"minecraft:fall_one_cm":1223},"minecraft:picked_up":{"minecraft:stick":1,"minecraft:sweet_berries":12,"minecraft:pumpkin":1,"minecraft:spruce_log":21,"minecraft:spruce_door":1,"minecraft:dirt":3,"minecraft:string":1,"minecraft:wooden_sword":1,"minecraft:iron_axe":1,"minecraft:item_frame":1,"minecraft:rotten_flesh":5,"iceandfire:raw_silver":1,"minecraft:cobblestone":91},"minecraft:mined":{"iceandfire:silver_ore":1,"minecraft:sweet_berry_bush":5,"minecraft:ice":28,"minecraft:spruce_log":27,"minecraft:spruce_door":1,"minecraft:pumpkin":1,"minecraft:grass":1,"minecraft:grass_block":1,"minecraft:dirt":2,"minecraft:spruce_leaves":6,"minecraft:stone":98},"minecraft:used":{"minecraft:spruce_door":4,"minecraft:iron_axe":52,"minecraft:stone_pickaxe":87,"minecraft:chest":1,"minecraft:spruce_planks":24,"minecraft:wooden_pickaxe":15,"minecraft:item_frame":1,"minecraft:cobblestone":1,"minecraft:sweet_berries":8,"minecraft:furnace":1,"alexsmobs:animal_dictionary":1,"minecraft:pumpkin":1}},"DataVersion":3465}