{"stats":{"minecraft:mined":{"minecraft:spruce_planks":63,"iceandfire:silver_ore":6,"minecraft:stripped_birch_log":2,"minecraft:spruce_door":4,"minecraft:crafting_table":1,"minecraft:grass_block":260,"minecraft:chest":2,"minecraft:glass":11,"minecraft:cobblestone":7,"minecraft:spruce_leaves":42,"minecraft:sugar_cane":1,"steam_powered:tin_ore":3,"minecraft:wall_torch":8,"minecraft:furnace":2,"minecraft:birch_log":43,"minecraft:snow":15,"minecraft:sweet_berry_bush":5,"minecraft:ice":28,"minecraft:spruce_log":231,"minecraft:pumpkin":1,"minecraft:yellow_bed":3,"minecraft:smooth_stone_slab":7,"minecraft:grass":4,"minecraft:coal_ore":67,"minecraft:zombie_head":1,"minecraft:sand":120,"minecraft:dirt":458,"minecraft:stone":677},"minecraft:killed":{"minecraft:spider":2,"minecraft:zombie":2,"enemyexpansion:botfly":4},"minecraft:dropped":{"minecraft:bread":26,"minecraft:sweet_berries":3,"minecraft:cobbled_deepslate":64,"minecraft:rotten_flesh":5,"minecraft:cobblestone":140,"minecraft:spruce_stairs":3,"minecraft:dirt":371,"minecraft:diorite":1,"minecraft:spruce_planks":138,"minecraft:snowball":3,"minecraft:wooden_sword":1,"minecraft:sand":27},"minecraft:picked_up":{"minecraft:birch_log":43,"minecraft:crafting_table":1,"minecraft:gold_block":1,"minecraft:yellow_bed":3,"minecraft:stripped_birch_log":2,"minecraft:dirt":1001,"minecraft:string":3,"minecraft:raw_copper":4,"minecraft:iron_axe":1,"minecraft:wooden_sword":1,"minecraft:smooth_stone_slab":7,"minecraft:item_frame":1,"minecraft:iron_shovel":1,"minecraft:zombie_head":1,"minecraft:wheat_seeds":1,"minecraft:cobbled_deepslate":64,"minecraft:smooth_stone":17,"minecraft:spruce_planks":86,"minecraft:lectern":1,"minecraft:sugar_cane":3,"minecraft:furnace":2,"minecraft:book":18,"minecraft:stick":6,"minecraft:raw_iron":1,"minecraft:pumpkin":1,"minecraft:sweet_berries":12,"minecraft:torch":18,"minecraft:spruce_stairs":3,"minecraft:sand":145,"minecraft:spruce_sapling":13,"minecraft:diorite":1,"minecraft:spruce_log":225,"minecraft:redstone":48,"minecraft:spruce_door":6,"minecraft:arrow":1,"minecraft:rotten_flesh":5,"steam_powered:raw_tin":3,"minecraft:bread":31,"alexsmobs:maggot":1,"minecraft:coal":99,"minecraft:snowball":15,"iceandfire:raw_silver":6,"minecraft:cobblestone":790},"minecraft:broken":{"minecraft:stone_pickaxe":5,"minecraft:iron_shovel":1,"minecraft:iron_axe":1,"minecraft:stone_axe":1,"minecraft:stone_shovel":5},"minecraft:used":{"minecraft:iron_shovel":174,"minecraft:spruce_door":8,"minecraft:stripped_birch_log":2,"minecraft:stone_pickaxe":697,"minecraft:stone_shovel":657,"minecraft:chest":3,"minecraft:spruce_planks":59,"minecraft:wooden_pickaxe":27,"minecraft:torch":24,"minecraft:dirt":34,"minecraft:spruce_log":86,"minecraft:glass":19,"minecraft:iron_pickaxe":78,"minecraft:iron_axe":243,"minecraft:bread":11,"minecraft:spruce_sapling":12,"minecraft:item_frame":1,"minecraft:stone_axe":170,"minecraft:wooden_sword":37,"minecraft:cobblestone":34,"minecraft:sweet_berries":8,"minecraft:furnace":2,"minecraft:smooth_stone_slab":203,"minecraft:yellow_bed":3,"alexsmobs:animal_dictionary":1,"minecraft:pumpkin":1},"minecraft:crafted":{"minecraft:wooden_sword":1,"minecraft:smooth_stone":202,"minecraft:stone_shovel":7,"minecraft:smooth_stone_slab":240,"minecraft:spruce_planks":48,"minecraft:wooden_pickaxe":1,"minecraft:spruce_door":3,"minecraft:furnace":2,"minecraft:copper_ingot":42,"minecraft:stone":216,"minecraft:stone_axe":2,"minecraft:air":0,"minecraft:glass":24,"mcwwindows:window_base":20,"minecraft:stick":28,"minecraft:stone_pickaxe":5,"minecraft:iron_pickaxe":1,"minecraft:chest":3,"minecraft:iron_shovel":1,"minecraft:torch":32},"minecraft:custom":{"minecraft:interact_with_furnace":122,"minecraft:mob_kills":11,"minecraft:interact_with_crafting_table":52,"minecraft:interact_with_stonecutter":1,"minecraft:leave_game":9,"minecraft:time_since_death":170862,"minecraft:sleep_in_bed":5,"minecraft:time_since_rest":17708,"minecraft:sprint_one_cm":6136,"minecraft:damage_taken":568,"minecraft:walk_one_cm":972729,"minecraft:drop":34,"minecraft:damage_dealt":1444,"minecraft:swim_one_cm":498,"minecraft:fly_one_cm":2370,"minecraft:talked_to_villager":2,"minecraft:open_chest":164,"minecraft:crouch_one_cm":1981,"minecraft:play_time":170862,"minecraft:sneak_time":768,"minecraft:walk_under_water_one_cm":1085,"minecraft:jump":732,"minecraft:walk_on_water_one_cm":2622,"minecraft:total_world_time":170862,"minecraft:fall_one_cm":5717}},"DataVersion":3465}