{"stats":{"minecraft:killed":{"minecraft:spider":1},"minecraft:crafted":{"minecraft:wooden_sword":1,"minecraft:glass":10,"minecraft:spruce_planks":48,"minecraft:stick":8,"minecraft:chest":1,"minecraft:wooden_pickaxe":1,"minecraft:stone_pickaxe":3,"minecraft:spruce_door":3,"minecraft:furnace":1,"minecraft:torch":32},"minecraft:dropped":{"minecraft:bread":17,"minecraft:dirt":1,"minecraft:sweet_berries":3,"minecraft:cobblestone":16,"minecraft:rotten_flesh":5,"minecraft:wooden_sword":1},"minecraft:custom":{"minecraft:time_since_rest":37573,"minecraft:interact_with_furnace":7,"minecraft:sprint_one_cm":683,"minecraft:damage_taken":103,"minecraft:walk_one_cm":249065,"minecraft:mob_kills":1,"minecraft:drop":14,"minecraft:damage_dealt":297,"minecraft:swim_one_cm":498,"minecraft:crouch_one_cm":88,"minecraft:talked_to_villager":2,"minecraft:interact_with_crafting_table":12,"minecraft:fly_one_cm":690,"minecraft:open_chest":18,"minecraft:play_time":37573,"minecraft:sneak_time":29,"minecraft:walk_under_water_one_cm":923,"minecraft:jump":251,"minecraft:interact_with_stonecutter":1,"minecraft:walk_on_water_one_cm":264,"minecraft:leave_game":4,"minecraft:time_since_death":37573,"minecraft:total_world_time":37573,"minecraft:fall_one_cm":1492},"minecraft:picked_up":{"minecraft:stick":2,"minecraft:sweet_berries":12,"minecraft:pumpkin":1,"minecraft:sand":10,"minecraft:spruce_sapling":9,"minecraft:spruce_log":57,"minecraft:spruce_door":1,"minecraft:dirt":15,"minecraft:string":1,"minecraft:wooden_sword":1,"minecraft:iron_axe":1,"minecraft:item_frame":1,"minecraft:rotten_flesh":5,"minecraft:spruce_planks":2,"minecraft:bread":31,"iceandfire:raw_silver":2,"minecraft:cobblestone":179},"minecraft:mined":{"minecraft:spruce_planks":2,"iceandfire:silver_ore":2,"minecraft:sweet_berry_bush":5,"minecraft:ice":28,"minecraft:spruce_log":64,"minecraft:spruce_door":1,"minecraft:pumpkin":1,"minecraft:grass":1,"minecraft:grass_block":7,"minecraft:sand":10,"minecraft:dirt":8,"minecraft:spruce_leaves":7,"minecraft:stone":185},"minecraft:broken":{"minecraft:stone_pickaxe":1},"minecraft:used":{"minecraft:glass":7,"minecraft:spruce_door":4,"minecraft:iron_axe":92,"minecraft:bread":1,"minecraft:stone_pickaxe":198,"minecraft:spruce_sapling":9,"minecraft:chest":1,"minecraft:spruce_planks":34,"minecraft:wooden_pickaxe":15,"minecraft:item_frame":1,"minecraft:torch":3,"minecraft:cobblestone":2,"minecraft:sweet_berries":8,"minecraft:furnace":1,"alexsmobs:animal_dictionary":1,"minecraft:pumpkin":1}},"DataVersion":3465}