{"stats":{"minecraft:killed":{"minecraft:spider":6,"enemyexpansion:equestrian":1,"minecraft:skeleton":10,"alexsmobs:centipede_head":1,"enemyexpansion:vampflyer":1,"minecraft:pig":1,"alexsmobs:grizzly_bear":1,"minecraft:creeper":5,"minecraft:zombie":23,"enemyexpansion:botfly":7,"alexsmobs:fly":1,"enemyexpansion:wasp":10,"enemyexpansion:vampbiter":1,"enemyexpansion:intruder":2,"alexsmobs:tasmanian_devil":1,"alexsmobs:seagull":1,"enemyexpansion:direwolf":6,"minecraft:drowned":2,"enemyexpansion:sprinter":4,"enemyexpansion:huntsman":4,"iceandfire:ice_dragon":1,"enemyexpansion:slugger":1},"minecraft:crafted":{"mcwwindows:window_half_bar_base":20,"minecraft:smooth_stone":1381,"minecraft:oak_planks":220,"minecraft:birch_boat":1,"iceandfire:silver_shovel":5,"minecraft:stone":1450,"minecraft:cobblestone_stairs":28,"minecraft:cooked_mutton":4,"minecraft:glass":24,"minecraft:chest":11,"minecraft:birch_door":2,"mcwbridges:rope_oak_bridge":40,"minecraft:oak_fence":9,"minecraft:oak_slab":48,"minecraft:cooked_porkchop":4,"mcwwindows:window_centre_bar_base":20,"minecraft:spruce_planks":56,"mcwwindows:oak_pane_window":72,"minecraft:wooden_pickaxe":1,"minecraft:baked_potato":18,"minecraft:spruce_door":3,"minecraft:copper_ingot":42,"mcwroofs:roofing_hammer":1,"minecraft:birch_planks":124,"mcwroofs:birch_attic_roof":8,"mcwwindows:window_base":108,"minecraft:shield":2,"minecraft:stick":324,"minecraft:iron_ingot":30,"minecraft:iron_pickaxe":4,"mcwwindows:oak_four_window":16,"minecraft:wooden_sword":1,"minecraft:stone_shovel":8,"minecraft:smooth_stone_slab":402,"minecraft:iron_nugget":9,"minecraft:furnace":3,"minecraft:iron_axe":2,"minecraft:ladder":3,"minecraft:iron_hoe":1,"minecraft:stone_pickaxe":6,"minecraft:cobblestone_wall":156,"mcwwindows:oak_window":16,"iceandfire:silver_ingot":12,"minecraft:iron_sword":1,"mcwroofs:birch_roof":110,"minecraft:bucket":5,"minecraft:stone_axe":3,"minecraft:air":0,"minecraft:oak_boat":2,"minecraft:wooden_axe":3,"minecraft:iron_shovel":1,"newslabvariants:birch_log_slab":12,"minecraft:torch":204,"iceandfire:silver_pickaxe":5},"minecraft:custom":{"minecraft:interact_with_crafting_table":149,"minecraft:leave_game":16,"minecraft:time_since_death":54325,"minecraft:sprint_one_cm":100112,"minecraft:damage_blocked_by_shield":1815,"minecraft:drop":102,"minecraft:talked_to_villager":2,"minecraft:play_time":810430,"minecraft:deaths":10,"minecraft:jump":3425,"minecraft:walk_on_water_one_cm":94632,"minecraft:interact_with_furnace":433,"minecraft:interact_with_loom":14,"minecraft:sleep_in_bed":39,"minecraft:damage_dealt":17416,"minecraft:player_kills":1,"minecraft:crouch_one_cm":69613,"minecraft:interact_with_smoker":4,"minecraft:interact_with_anvil":1,"minecraft:mob_kills":113,"minecraft:climb_one_cm":5028,"minecraft:walk_one_cm":4523580,"minecraft:sneak_time":24347,"minecraft:walk_under_water_one_cm":55840,"minecraft:boat_one_cm":310287,"minecraft:interact_with_blast_furnace":26,"minecraft:total_world_time":810430,"minecraft:interact_with_stonecutter":1,"minecraft:time_since_rest":6647,"minecraft:damage_taken":6334,"minecraft:swim_one_cm":597,"minecraft:fly_one_cm":53052,"minecraft:open_chest":657,"minecraft:fall_one_cm":42885},"minecraft:dropped":{"minecraft:birch_planks":1,"minecraft:baked_potato":5,"minecraft:diamond":1,"minecraft:cooked_porkchop":1,"minecraft:flint":1,"minecraft:dirt":433,"minecraft:snowball":3,"minecraft:amethyst_shard":4,"minecraft:wooden_sword":2,"minecraft:sand":27,"iceandfire:armor_silver_metal_helmet":1,"minecraft:gold_ingot":3,"minecraft:bone":1,"minecraft:sugar_cane":1,"mutantmonsters:hulk_hammer":1,"minecraft:cobbled_deepslate":74,"alexscaves:cave_tablet":3,"minecraft:birch_sapling":3,"minecraft:rotten_flesh":17,"alexscaves:sea_staff":1,"minecraft:leather_chestplate":1,"steam_powered:raw_tin":1,"iceandfire:armor_silver_metal_boots":1,"newshieldvariants:gold_shield":1,"minecraft:enchanted_book":1,"minecraft:bread":26,"minecraft:oak_fence":3,"minecraft:cobblestone":149,"minecraft:spruce_stairs":3,"minecraft:stick":3,"minecraft:diamond_horse_armor":1,"minecraft:diorite":1,"minecraft:paper":2,"minecraft:string":4,"iceandfire:frozen_cobblestone":40,"minecraft:furnace":1,"alexsmobs:maggot":1,"minecraft:sweet_berries":3,"minecraft:raw_iron":1,"minecraft:diamond_sword":1,"minecraft:potato":1,"minecraft:shield":2,"minecraft:spruce_planks":138,"minecraft:diamond_pickaxe":2,"minecraft:andesite":1,"minecraft:spider_eye":1,"minecraft:bow":1,"minecraft:wooden_pickaxe":1,"minecraft:raw_gold":22},"minecraft:killed_by":{"man:managgresive":2,"iceandfire:ice_dragon":2,"alexsmobs:grizzly_bear":1,"enemyexpansion:invisicreeper":1,"creepycreepers:tuff_creeper":1,"enemyexpansion:wasp":1,"enemyexpansion:direwolf":1},"minecraft:picked_up":{"minecraft:birch_door":7,"alexscaves:sea_staff":1,"mcwbridges:rope_oak_bridge":5,"alexscaves:cave_tablet":10,"enemyexpansion:wasp_thorax":4,"minecraft:brown_bed":1,"minecraft:enchanted_book":1,"minecraft:string":8,"minecraft:raw_copper":17,"mutantmonsters:mutant_skeleton_skull":1,"minecraft:smooth_stone_slab":53,"minecraft:iron_leggings":2,"minecraft:zombie_head":2,"minecraft:cobbled_deepslate":109,"minecraft:gold_nugget":4,"minecraft:smooth_stone":119,"minecraft:spruce_planks":86,"minecraft:iron_pickaxe":1,"minecraft:furnace":6,"minecraft:stick":18,"minecraft:oak_fence":6,"minecraft:torch":70,"minecraft:spruce_stairs":3,"minecraft:porkchop":2,"minecraft:diorite":1,"alexsmobs:centipede_leg":2,"mutantmonsters:mutant_skeleton_pelvis":1,"mutantmonsters:hulk_hammer":1,"minecraft:stone_sword":1,"minecraft:rotten_flesh":27,"mutantmonsters:mutant_skeleton_shoulder_pad":2,"mcwroofs:birch_roof":8,"minecraft:snowball":15,"minecraft:cobblestone":2456,"minecraft:birch_log":327,"minecraft:enchanting_table":2,"minecraft:feather":4,"minecraft:andesite":1,"minecraft:potato":19,"minecraft:flint":5,"minecraft:tuff":2,"minecraft:dirt":3205,"steam_powered:diving_suit_boots":1,"minecraft:lapis_lazuli":25,"minecraft:stripped_birch_log":96,"minecraft:glass":38,"minecraft:bone":17,"minecraft:bow":1,"minecraft:wheat_seeds":5,"minecraft:raw_gold":2,"minecraft:powered_rail":3,"minecraft:oak_planks":1,"minecraft:cooked_porkchop":1,"minecraft:sand":146,"minecraft:ink_sac":16,"minecraft:grass_block":1,"man:tearoftheman":1,"minecraft:diamond":6,"iceandfire:dragon_ice":3,"minecraft:golden_apple":2,"minecraft:bread":33,"alexsmobs:maggot":1,"minecraft:oak_sapling":18,"iceandfire:silver_nugget":4,"iceandfire:raw_silver":15,"steam_powered:diving_suit_helmet":1,"minecraft:diamond_pickaxe":1,"minecraft:crafting_table":2,"steam_powered:diving_suit_chestplate":1,"minecraft:ladder":10,"minecraft:chest_minecart":1,"minecraft:gold_block":1,"steam_powered:diving_suit_leggings":1,"iceandfire:frozen_cobblestone":41,"mcwroofs:birch_attic_roof":7,"minecraft:shield":1,"minecraft:iron_axe":1,"minecraft:wooden_sword":1,"minecraft:item_frame":1,"minecraft:iron_shovel":1,"minecraft:lectern":1,"minecraft:sugar_cane":37,"minecraft:chest":2,"minecraft:birch_sapling":15,"minecraft:phantom_membrane":1,"minecraft:raw_iron":43,"iceandfire:dragonbone":1,"minecraft:stone":1,"minecraft:copper_ingot":3,"minecraft:redstone":65,"minecraft:cooked_cod":1,"minecraft:arrow":23,"minecraft:stone_shovel":1,"minecraft:beetroot_seeds":12,"alexscaves:spelunkery_table":1,"mutantmonsters:mutant_skeleton_rib":4,"minecraft:gold_ingot":3,"minecraft:white_wool":4,"minecraft:rail":61,"minecraft:oak_log":127,"minecraft:cobblestone_wall":44,"minecraft:cobblestone_stairs":3,"minecraft:yellow_bed":8,"minecraft:gunpowder":9,"mcwwindows:oak_window":6,"mcwwindows:oak_four_window":14,"mutantmonsters:mutant_skeleton_limb":8,"mcwwindows:oak_pane_window":18,"minecraft:paper":13,"minecraft:apple":14,"minecraft:cobweb":6,"minecraft:glass_bottle":2,"minecraft:book":63,"minecraft:oak_slab":3,"minecraft:pumpkin":1,"minecraft:sweet_berries":14,"minecraft:gravel":64,"minecraft:spruce_sapling":13,"minecraft:spruce_log":227,"minecraft:spruce_door":6,"minecraft:spider_eye":2,"minecraft:purple_bed":1,"steam_powered:raw_tin":4,"minecraft:gray_wool":1,"minecraft:baked_potato":16,"minecraft:coal":267},"minecraft:broken":{"minecraft:iron_shovel":2,"iceandfire:silver_pickaxe":2,"minecraft:stone_pickaxe":7,"minecraft:stone_axe":2,"minecraft:iron_sword":1,"minecraft:wooden_axe":2,"iceandfire:silver_shovel":3,"minecraft:stone_shovel":8,"minecraft:stone_sword":1,"minecraft:shield":1,"minecraft:iron_axe":2,"minecraft:iron_pickaxe":3},"minecraft:mined":{"minecraft:spruce_planks":63,"minecraft:cobblestone_stairs":3,"minecraft:grass_block":1221,"mcwroofs:birch_attic_roof":7,"minecraft:spawner":1,"minecraft:smooth_stone":68,"mcwroofs:birch_roof":8,"minecraft:iron_ore":16,"minecraft:pumpkin":1,"minecraft:deepslate_lapis_ore":1,"minecraft:enchanting_table":1,"minecraft:brown_bed":1,"minecraft:deepslate_redstone_ore":6,"minecraft:torch":16,"minecraft:chest":4,"minecraft:glass":11,"minecraft:cobblestone":16,"minecraft:sugar_cane":1,"minecraft:wall_torch":15,"minecraft:birch_log":327,"minecraft:lilac":1,"minecraft:birch_door":5,"minecraft:smooth_stone_slab":42,"minecraft:grass":22,"minecraft:oak_log":127,"minecraft:sand":120,"minecraft:dirt":1734,"minecraft:oak_leaves":122,"minecraft:deepslate":11,"alexscaves:spelunkery_table":1,"iceandfire:silver_ore":15,"minecraft:deepslate_diamond_ore":6,"minecraft:stripped_birch_log":29,"iceandfire:frozen_cobblestone":1,"minecraft:glow_lichen":3,"minecraft:ladder":10,"mcwbridges:rope_oak_bridge":7,"minecraft:spruce_leaves":42,"steam_powered:tin_ore":4,"mcwwindows:oak_four_window":14,"minecraft:furnace":5,"minecraft:snow":15,"mcwwindows:oak_window":7,"minecraft:deepslate_iron_ore":11,"minecraft:rail":47,"minecraft:stone":2323,"minecraft:oak_slab":3,"mcwwindows:oak_pane_window":18,"minecraft:spruce_door":4,"minecraft:oak_fence":5,"minecraft:crafting_table":2,"minecraft:copper_ore":5,"minecraft:deepslate_gold_ore":2,"minecraft:cobblestone_wall":44,"minecraft:sweet_berry_bush":6,"minecraft:ice":33,"minecraft:spruce_log":233,"minecraft:birch_leaves":10,"minecraft:yellow_bed":6,"minecraft:coal_ore":165,"minecraft:zombie_head":1,"minecraft:gravel":52},"minecraft:used":{"minecraft:iron_shovel":347,"minecraft:ladder":10,"minecraft:chest":13,"minecraft:shield":63,"minecraft:iron_sword":348,"minecraft:carrot":2,"mcwwindows:oak_four_window":28,"minecraft:glass":99,"minecraft:lava_bucket":177,"minecraft:grass_block":2,"minecraft:birch_sapling":12,"minecraft:item_frame":1,"minecraft:sweet_berries":8,"minecraft:furnace":8,"minecraft:oak_sapling":17,"minecraft:cooked_cod":1,"minecraft:beetroot_seeds":17,"iceandfire:frozen_cobblestone":1,"minecraft:spruce_door":8,"minecraft:stripped_birch_log":96,"minecraft:stone_pickaxe":939,"minecraft:wooden_pickaxe":27,"iceandfire:silver_pickaxe":920,"minecraft:bread":17,"minecraft:gravel":3,"minecraft:diamond_sword":16,"minecraft:wooden_sword":41,"minecraft:birch_log":180,"minecraft:smooth_stone_slab":460,"minecraft:oak_boat":2,"minecraft:oak_fence":16,"minecraft:stone_sword":65,"minecraft:stone_shovel":1054,"minecraft:spruce_planks":59,"securitycraft:bucket_f_lava":1,"minecraft:torch":274,"minecraft:dirt":386,"minecraft:cobblestone_wall":183,"minecraft:birch_door":8,"minecraft:iron_hoe":48,"minecraft:wooden_axe":133,"alexscaves:sea_staff":46,"minecraft:iron_axe":495,"mcwroofs:birch_roof":120,"iceandfire:dragon_ice":3,"alexscaves:spelunkery_table":1,"minecraft:pumpkin":1,"minecraft:brown_bed":1,"mcwbridges:rope_oak_bridge":12,"minecraft:wheat_seeds":4,"minecraft:cooked_mutton":3,"minecraft:water_bucket":1458,"mcwwindows:oak_window":22,"minecraft:cobblestone_stairs":9,"minecraft:birch_planks":1,"minecraft:baked_potato":34,"minecraft:birch_boat":1,"newslabvariants:birch_log_slab":8,"minecraft:oak_slab":24,"minecraft:crafting_table":2,"minecraft:spruce_log":86,"minecraft:oak_log":102,"minecraft:apple":18,"mcwroofs:birch_attic_roof":7,"minecraft:iron_pickaxe":965,"minecraft:spruce_sapling":13,"minecraft:stone_axe":362,"mcwwindows:oak_pane_window":89,"minecraft:cobblestone":70,"minecraft:purple_bed":1,"minecraft:cooked_porkchop":4,"minecraft:bucket":114,"minecraft:yellow_bed":7,"alexsmobs:animal_dictionary":1,"iceandfire:silver_shovel":1645,"minecraft:smooth_stone":1276}},"DataVersion":3465}