{"stats":{"minecraft:killed":{"minecraft:skeleton":1},"minecraft:crafted":{"minecraft:wooden_sword":1,"minecraft:crafting_table":1,"minecraft:spruce_planks":24,"minecraft:stick":8,"minecraft:wooden_pickaxe":1,"minecraft:wooden_axe":1},"minecraft:dropped":{"alexsmobs:animal_dictionary":1},"minecraft:custom":{"minecraft:time_since_rest":3821,"minecraft:sprint_one_cm":168824,"minecraft:damage_taken":835,"minecraft:walk_one_cm":114134,"minecraft:mob_kills":1,"minecraft:drop":1,"minecraft:damage_dealt":222,"minecraft:interact_with_crafting_table":1,"minecraft:talked_to_villager":8,"minecraft:fly_one_cm":34019,"minecraft:open_barrel":3,"minecraft:open_chest":14,"minecraft:crouch_one_cm":2314,"minecraft:play_time":32154,"minecraft:deaths":3,"minecraft:sneak_time":379,"minecraft:damage_dealt_resisted":27,"minecraft:jump":366,"minecraft:leave_game":3,"minecraft:time_since_death":3780,"minecraft:sleep_in_bed":1,"minecraft:climb_one_cm":1136,"minecraft:interact_with_smoker":1,"minecraft:total_world_time":32154,"minecraft:fall_one_cm":7532},"minecraft:killed_by":{"minecraft:creeper":1,"alexsmobs:grizzly_bear":2},"minecraft:picked_up":{"minecraft:crafting_table":1,"minecraft:stick":1,"minecraft:sweet_berries":4,"minecraft:spruce_log":9,"alexsmobs:animal_dictionary":1,"minecraft:dirt":30,"minecraft:arrow":1,"minecraft:bone":1,"minecraft:rotten_flesh":3,"minecraft:wheat_seeds":1,"minecraft:spruce_planks":3,"alexsmobs:maggot":1,"minecraft:bread":2,"minecraft:egg":3},"minecraft:mined":{"minecraft:spruce_planks":3,"minecraft:sweet_berry_bush":1,"minecraft:ice":3,"minecraft:spruce_log":6,"minecraft:crafting_table":1,"minecraft:grass":7,"minecraft:grass_block":13,"minecraft:dirt":1,"minecraft:tall_grass":6},"minecraft:used":{"minecraft:wheat_seeds":1,"minecraft:wooden_axe":5,"minecraft:bread":2,"minecraft:spruce_planks":6,"minecraft:wooden_pickaxe":9,"minecraft:wooden_sword":18,"minecraft:dirt":1,"minecraft:crafting_table":1,"alexsmobs:animal_dictionary":1,"minecraft:egg":2}},"DataVersion":3465}