{"stats":{"minecraft:killed":{"minecraft:skeleton":1},"minecraft:picked_up":{"minecraft:stick":1,"minecraft:crafting_table":1,"minecraft:bone":1,"minecraft:arrow":1,"minecraft:spruce_planks":2,"minecraft:spruce_log":6,"minecraft:dirt":8,"alexsmobs:animal_dictionary":1},"minecraft:used":{"minecraft:wooden_axe":1,"minecraft:wooden_sword":14,"minecraft:dirt":1,"minecraft:crafting_table":1,"alexsmobs:animal_dictionary":1,"minecraft:spruce_planks":2,"minecraft:wooden_pickaxe":1},"minecraft:custom":{"minecraft:time_since_rest":14107,"minecraft:play_time":14107,"minecraft:crouch_one_cm":1085,"minecraft:sprint_one_cm":28279,"minecraft:damage_taken":200,"minecraft:walk_one_cm":30768,"minecraft:sneak_time":229,"minecraft:mob_kills":1,"minecraft:drop":1,"minecraft:jump":185,"minecraft:damage_dealt":174,"minecraft:leave_game":2,"minecraft:time_since_death":14107,"minecraft:total_world_time":14107,"minecraft:interact_with_crafting_table":1,"minecraft:fly_one_cm":10746,"minecraft:fall_one_cm":4995,"minecraft:open_chest":1},"minecraft:crafted":{"minecraft:wooden_sword":1,"minecraft:crafting_table":1,"minecraft:spruce_planks":24,"minecraft:stick":8,"minecraft:wooden_pickaxe":1,"minecraft:wooden_axe":1},"minecraft:dropped":{"alexsmobs:animal_dictionary":1},"minecraft:mined":{"minecraft:grass":2,"minecraft:grass_block":7,"minecraft:spruce_planks":2,"minecraft:dirt":1,"minecraft:ice":3,"minecraft:spruce_log":6,"minecraft:crafting_table":1}},"DataVersion":3465}