{"stats":{"minecraft:killed":{"minecraft:spider":2,"steam_powered:tri_wheeler":1,"minecraft:skeleton":4,"steam_powered:giant_crab":1,"iceandfire:dread_scuttler":1,"minecraft:piglin_brute":1,"minecraft:piglin":2,"minecraft:pig":1,"alexsmobs:grizzly_bear":1,"enemyexpansion:ladybug":2,"minecraft:zombie_villager":1,"alexsmobs:seal":1,"minecraft:creeper":1,"alexsmobs:crimson_mosquito":3,"minecraft:zombie":2,"alexscaves:tremorzilla":1,"iceandfire:pixie":1,"iceandfire:dread_ghoul":2,"mutantmonsters:mutant_creeper":1,"iceandfire:sea_serpent":1,"enemyexpansion:wasp":1,"alexsmobs:seagull":1,"iceandfire:dread_beast":8,"enemyexpansion:direwolf":2,"iceandfire:dread_knight":1,"iceandfire:dread_thrall":3,"iceandfire:fire_dragon":1,"alexsmobs:bison":1,"enemyexpansion:goblin":1,"enemyexpansion:sprinter":1,"iceandfire:ghost":8,"alexsmobs:crow":2},"minecraft:crafted":{"iceandfire:armor_sapphire_chestplate":1,"iceandfire:armor_silver_metal_chestplate":1,"minecraft:diamond_helmet":1,"minecraft:iron_boots":1,"iceandfire:armor_silver_metal_leggings":1,"iceandfire:ghost_chest":1,"iceandfire:armor_sapphire_helmet":1,"minecraft:crafting_table":3,"minecraft:spruce_planks":152,"minecraft:wooden_pickaxe":1,"minecraft:spruce_door":3,"iceandfire:sapphire_block":1,"steam_powered:tin_ingot":18,"minecraft:birch_planks":4,"minecraft:iron_chestplate":1,"minecraft:stick":16,"minecraft:iron_pickaxe":1,"minecraft:iron_block":3,"minecraft:stone_sword":1,"iceandfire:armor_sapphire_boots":1,"iceandfire:silver_sword":1,"minecraft:wooden_sword":1,"minecraft:furnace":1,"iceandfire:armor_sapphire_leggings":1,"minecraft:spruce_wood":3,"minecraft:stone_pickaxe":1,"minecraft:cooked_beef":8,"iceandfire:silver_ingot":3,"minecraft:iron_sword":1,"minecraft:wooden_axe":1,"minecraft:iron_shovel":1,"minecraft:iron_leggings":1,"minecraft:anvil":1,"iceandfire:silver_pickaxe":1},"minecraft:custom":{"minecraft:interact_with_crafting_table":34,"minecraft:open_barrel":12,"minecraft:bell_ring":6,"minecraft:leave_game":12,"minecraft:time_since_death":27185,"minecraft:sprint_one_cm":1271416,"minecraft:damage_blocked_by_shield":1721,"minecraft:drop":80,"minecraft:talked_to_villager":14,"minecraft:play_time":374479,"minecraft:deaths":26,"minecraft:jump":3130,"minecraft:walk_on_water_one_cm":51226,"minecraft:interact_with_furnace":11,"minecraft:interact_with_cartography_table":1,"minecraft:sleep_in_bed":16,"minecraft:damage_dealt":32631,"minecraft:player_kills":3,"minecraft:crouch_one_cm":7034,"minecraft:interact_with_smoker":1,"minecraft:mob_kills":95,"minecraft:interact_with_anvil":2,"minecraft:damage_dealt_resisted":27,"minecraft:climb_one_cm":16597,"minecraft:walk_one_cm":1300421,"minecraft:sneak_time":1790,"minecraft:walk_under_water_one_cm":44529,"minecraft:boat_one_cm":517586,"minecraft:total_world_time":374479,"minecraft:tune_noteblock":9,"minecraft:time_since_rest":27245,"minecraft:damage_taken":2147483647,"minecraft:damage_absorbed":60,"minecraft:trigger_trapped_chest":9,"minecraft:swim_one_cm":12036,"minecraft:fly_one_cm":1070283,"minecraft:open_chest":132,"minecraft:fall_one_cm":47741},"minecraft:dropped":{"minecraft:iron_sword":1,"minecraft:crafting_table":1,"minecraft:stripped_birch_wood":36,"steam_powered:diving_suit_chestplate":1,"minecraft:ice":6,"iceandfire:ash":2,"minecraft:birch_log":1,"minecraft:gold_ingot":2,"minecraft:compass":1,"minecraft:sugar_cane":1,"alexsmobs:animal_dictionary":1,"mutantmonsters:endersoul_hand":1,"steam_powered:diving_suit_leggings":1,"minecraft:rotten_flesh":6,"minecraft:acacia_stairs":2,"alexscaves:sea_staff":1,"minecraft:gunpowder":2,"minecraft:chainmail_boots":1,"minecraft:arrow":4,"minecraft:bread":11,"minecraft:wheat_seeds":1,"minecraft:feather":1,"minecraft:iron_helmet":1,"minecraft:cobblestone":24,"minecraft:apple":152,"minecraft:grass_block":1,"minecraft:stick":1,"minecraft:diamond_helmet":1,"minecraft:iron_leggings":1,"minecraft:string":4,"alexsmobs:maggot":2,"minecraft:stone_sword":3,"minecraft:tuff":19,"mcwbridges:iron_bridge_stair":1,"steam_powered:diving_suit_boots":1,"iceandfire:dragon_ice":3,"minecraft:shield":3,"steam_powered:diving_suit_helmet":1,"minecraft:iron_chestplate":1},"minecraft:killed_by":{"minecraft:piglin_brute":1,"minecraft:creeper":1,"minecraft:drowned":1,"iceandfire:dread_ghoul":1,"man:managgresive":1,"iceandfire:ice_dragon":5,"minecraft:zombie":1,"alexsmobs:grizzly_bear":2,"enemyexpansion:invisicreeper":1,"iceandfire:dread_beast":6,"minecraft:player":1,"iceandfire:dread_knight":3,"alexsmobs:centipede_head":2},"minecraft:picked_up":{"minecraft:chainmail_boots":2,"minecraft:prismarine_shard":3,"alexscaves:sea_staff":1,"mcwroofs:stone_bricks_lower_roof":1,"minecraft:string":8,"steam_powered:tri_wheeler_block":1,"alexsmobs:blood_sac":1,"minecraft:gold_nugget":24,"minecraft:cobbled_deepslate":51,"minecraft:spruce_planks":3,"steam_powered:raw_zinc":43,"iceandfire:frozen_gravel":2,"iceandfire:pixie_dust":1,"minecraft:stick":8,"minecraft:big_dripleaf":2,"minecraft:torch":1,"minecraft:stone_sword":2,"minecraft:rotten_flesh":18,"mcwdoors:mangrove_japanese2_door":1,"minecraft:stripped_birch_wood":92,"minecraft:snowball":24,"minecraft:cobblestone":251,"minecraft:birch_log":1,"minecraft:pink_petals":3,"minecraft:magma_block":3,"minecraft:feather":1,"alexsmobs:bear_fur":2,"minecraft:tuff":19,"minecraft:dirt":38,"minecraft:bone":10,"minecraft:wheat_seeds":7,"minecraft:raw_gold":2,"minecraft:mossy_stone_bricks":1,"minecraft:moss_block":2,"alexscaves:uranium":31,"iceandfire:shiny_scales":3,"minecraft:ink_sac":1,"minecraft:grass_block":11,"minecraft:acacia_stairs":4,"minecraft:dark_oak_log":1,"alexsmobs:animal_dictionary":1,"minecraft:diamond":7,"iceandfire:dread_stone_bricks_mossy":1,"iceandfire:dragon_ice":6,"minecraft:bread":48,"alexsmobs:maggot":2,"iceandfire:silver_nugget":72,"minecraft:oak_sapling":8,"minecraft:netherrack":2,"iceandfire:raw_silver":12,"minecraft:crafting_table":2,"iceandfire:dread_stone_tile":8,"iceandfire:frozen_cobblestone":3,"minecraft:shield":3,"minecraft:iron_axe":1,"minecraft:beef":8,"iceandfire:dread_shard":2,"minecraft:sugar_cane":1,"minecraft:chest":1,"minecraft:birch_sapling":1,"minecraft:egg":3,"minecraft:raw_iron":14,"minecraft:stone":3,"minecraft:redstone":19,"minecraft:prismarine_crystals":3,"minecraft:arrow":8,"iceandfire:sea_serpent_scales_purple":10,"minecraft:skeleton_skull":1,"iceandfire:sea_serpent_fang":5,"minecraft:ice":12,"iceandfire:dread_stone_bricks_cracked":3,"minecraft:yellow_bed":1,"minecraft:nether_wart_block":1,"minecraft:gunpowder":11,"minecraft:apple":68,"minecraft:stone_bricks":2,"iceandfire:dread_stone":2,"minecraft:warped_fungus":1,"minecraft:sweet_berries":4,"iceandfire:ash":2,"minecraft:gravel":1,"minecraft:spruce_sapling":4,"minecraft:spruce_log":40,"mutantmonsters:endersoul_hand":1,"steam_powered:raw_tin":77,"minecraft:acacia_slab":1,"alexscaves:uranium_shard":12,"minecraft:coal":51},"minecraft:broken":{"minecraft:iron_boots":1,"iceandfire:silver_pickaxe":1,"minecraft:wooden_sword":1,"minecraft:diamond_chestplate":1,"minecraft:diamond_leggings":1,"minecraft:shield":1,"alexscaves:hood_of_darkness":1},"minecraft:mined":{"minecraft:spruce_planks":3,"minecraft:grass_block":14,"iceandfire:dread_spawner":5,"minecraft:frosted_ice":9,"minecraft:weeping_vines_plant":1,"minecraft:iron_ore":14,"minecraft:fire":34,"iceandfire:dread_stone_bricks_cracked":2,"minecraft:deepslate_redstone_ore":5,"minecraft:clay":5,"minecraft:chest":1,"minecraft:cobblestone":35,"minecraft:skeleton_skull":1,"minecraft:mud":4,"minecraft:nether_wart_block":1,"minecraft:birch_log":2,"minecraft:warped_fungus":1,"minecraft:grass":10,"minecraft:dirt":2,"minecraft:stripped_birch_wood":1,"minecraft:oak_leaves":10,"iceandfire:dread_stone_bricks":1,"minecraft:deepslate":72,"minecraft:tuff":18,"iceandfire:silver_ore":12,"minecraft:mossy_cobblestone":2,"minecraft:deepslate_diamond_ore":7,"minecraft:spruce_leaves":9,"minecraft:acacia_slab":1,"steam_powered:tin_ore":81,"minecraft:large_fern":3,"steam_powered:zinc_ore":48,"steam_powered:sticky_mud":7,"minecraft:acacia_stairs":2,"minecraft:andesite":5,"steam_powered:crimson_reeds":2,"minecraft:vine":4,"minecraft:packed_ice":4,"minecraft:wet_sponge":1,"minecraft:stone":292,"iceandfire:frozen_gravel":2,"minecraft:crafting_table":2,"minecraft:sponge":1,"minecraft:tall_grass":10,"minecraft:deepslate_gold_ore":2,"minecraft:diorite":7,"minecraft:ice":14,"minecraft:sweet_berry_bush":1,"minecraft:spruce_log":38,"minecraft:mangrove_planks":6,"minecraft:yellow_bed":1,"minecraft:coal_ore":51,"minecraft:gravel":9,"minecraft:acacia_planks":1,"minecraft:stone_bricks":2,"minecraft:mossy_stone_bricks":1},"minecraft:used":{"iceandfire:ghost_sword":300,"alexscaves:spawn_egg_tremorzilla":1,"minecraft:ladder":3,"mcwwindows:one_way_glass_pane":15,"mcwbridges:dry_bamboo_bridge":33,"minecraft:chest":5,"minecraft:shield":89,"minecraft:stone":1,"minecraft:iron_sword":179,"hrbsdrills:drill":1,"minecraft:snowball":8,"minecraft:obsidian":87,"mcwwindows:blue_mosaic_glass_pane":11,"iceandfire:ghost_chest":3,"minecraft:iron_helmet":4,"alexscaves:spawn_egg_raycat":1,"alexscaves:thornwood_boat":3,"minecraft:furnace":2,"minecraft:egg":3,"iceandfire:frozen_cobblestone":3,"minecraft:spruce_door":5,"minecraft:stone_pickaxe":108,"alexscaves:depth_charge":1,"minecraft:wooden_pickaxe":20,"minecraft:diamond_axe":1,"minecraft:golden_apple":1,"mcwwindows:prismarine_four_window":11,"iceandfire:dragonbone_sword_lightning":92,"steam_powered:surface_crawler_block":1,"iceandfire:silver_pickaxe":458,"mcwbridges:iron_bridge_stair":3,"minecraft:crying_obsidian":22,"minecraft:bread":19,"minecraft:diamond_sword":40,"minecraft:wooden_sword":56,"minecraft:stripped_oak_wood":1,"minecraft:ice":1,"minecraft:stone_sword":80,"iceandfire:silver_sword":21,"minecraft:flint_and_steel":5,"steam_powered:tri_wheeler_block":1,"minecraft:spruce_planks":7,"minecraft:stripped_birch_wood":1154,"minecraft:torch":14,"minecraft:dirt":1,"minecraft:anvil":1,"minecraft:diamond_helmet":3,"alexscaves:spawn_egg_nucleeper":1,"mcwfences:cherry_wired_fence":30,"minecraft:wooden_axe":23,"mcwroofs:oak_roof":95,"minecraft:iron_axe":49,"mcwfences:iron_cheval_de_frise":2,"iceandfire:dread_queen_sword":39,"minecraft:cooked_beef":8,"minecraft:cobbled_deepslate":33,"minecraft:wheat_seeds":1,"mcwlights:cherry_ceiling_fan_light":1,"mcwbridges:iron_bridge":1,"mcwroofs:oak_lower_roof":6,"mutantmonsters:endersoul_hand":408,"minecraft:crafting_table":6,"mcwdoors:mangrove_japanese2_door":3,"minecraft:cod":4,"minecraft:spruce_log":1,"mcwwindows:stripped_oak_log_four_window":14,"minecraft:diamond_pickaxe":32,"minecraft:apple":48,"alexscaves:desolate_dagger":232,"minecraft:iron_pickaxe":114,"alexscaves:extinction_spear":33,"steam_powered:water_pump":1,"minecraft:pink_bed":1,"minecraft:cobblestone":128,"minecraft:yellow_bed":1,"alexsmobs:animal_dictionary":1,"mcwdoors:bamboo_japanese_door":2,"iceandfire:dread_stone_bricks_cracked":2}},"DataVersion":3465}