{"stats":{"minecraft:killed":{"duckensinvasion:footsoldier_duck":3,"minecraft:zombie_villager":1,"alexsmobs:seal":1,"minecraft:spider":1,"enemyexpansion:direwolf":2,"duckensinvasion:greatsword_duck":1,"minecraft:skeleton":2,"iceandfire:ghost":4,"alexsmobs:bison":1},"minecraft:crafted":{"minecraft:cooked_beef":8,"minecraft:wooden_sword":1,"minecraft:crafting_table":2,"minecraft:spruce_planks":152,"minecraft:wooden_pickaxe":1,"minecraft:spruce_door":3,"minecraft:furnace":1,"minecraft:stick":8,"minecraft:stone_pickaxe":1,"minecraft:wooden_axe":1,"minecraft:stone_sword":1},"minecraft:custom":{"minecraft:interact_with_furnace":2,"minecraft:mob_kills":16,"minecraft:interact_with_cartography_table":1,"minecraft:interact_with_crafting_table":8,"minecraft:open_barrel":5,"minecraft:bell_ring":6,"minecraft:damage_dealt_resisted":27,"minecraft:leave_game":5,"minecraft:time_since_death":32633,"minecraft:sleep_in_bed":5,"minecraft:climb_one_cm":1136,"minecraft:time_since_rest":1303,"minecraft:sprint_one_cm":624548,"minecraft:damage_taken":2126,"minecraft:walk_one_cm":342734,"minecraft:trigger_trapped_chest":1,"minecraft:drop":12,"minecraft:damage_dealt":3029,"minecraft:talked_to_villager":10,"minecraft:fly_one_cm":126380,"minecraft:open_chest":16,"minecraft:crouch_one_cm":3178,"minecraft:play_time":86890,"minecraft:deaths":4,"minecraft:sneak_time":542,"minecraft:jump":836,"minecraft:walk_on_water_one_cm":2018,"minecraft:interact_with_smoker":1,"minecraft:total_world_time":86890,"minecraft:fall_one_cm":14653},"minecraft:dropped":{"minecraft:bread":11,"alexsmobs:animal_dictionary":1},"minecraft:killed_by":{"minecraft:creeper":1,"minecraft:zombie":1,"alexsmobs:grizzly_bear":2},"minecraft:picked_up":{"minecraft:crafting_table":2,"minecraft:yellow_bed":1,"minecraft:dirt":31,"minecraft:string":2,"minecraft:iron_axe":1,"minecraft:bone":1,"minecraft:stone_bricks":2,"minecraft:wheat_seeds":2,"minecraft:spruce_planks":3,"minecraft:beef":8,"minecraft:mossy_stone_bricks":1,"minecraft:egg":3,"minecraft:stick":2,"minecraft:sweet_berries":4,"minecraft:gravel":1,"minecraft:spruce_sapling":1,"minecraft:spruce_log":34,"alexsmobs:animal_dictionary":1,"minecraft:arrow":3,"minecraft:rotten_flesh":4,"minecraft:bread":6,"alexsmobs:maggot":1,"minecraft:coal":3,"minecraft:snowball":24,"minecraft:cobblestone":93},"minecraft:broken":{"minecraft:wooden_sword":1},"minecraft:mined":{"minecraft:spruce_planks":3,"minecraft:crafting_table":2,"minecraft:grass_block":13,"minecraft:tall_grass":7,"minecraft:cobblestone":1,"minecraft:spruce_leaves":3,"minecraft:large_fern":1,"minecraft:sweet_berry_bush":1,"minecraft:ice":14,"minecraft:spruce_log":33,"minecraft:yellow_bed":1,"minecraft:grass":9,"minecraft:coal_ore":3,"minecraft:vine":1,"minecraft:gravel":1,"minecraft:dirt":2,"minecraft:stone":93,"minecraft:stone_bricks":2,"minecraft:mossy_stone_bricks":1},"minecraft:used":{"minecraft:wheat_seeds":1,"minecraft:stone_sword":53,"minecraft:spruce_door":2,"minecraft:stone_pickaxe":94,"minecraft:spruce_planks":7,"minecraft:wooden_pickaxe":20,"minecraft:dirt":1,"minecraft:crafting_table":4,"minecraft:cod":4,"minecraft:snowball":8,"minecraft:wooden_axe":20,"minecraft:iron_axe":28,"minecraft:bread":18,"minecraft:wooden_sword":56,"minecraft:cobblestone":57,"minecraft:furnace":1,"minecraft:yellow_bed":1,"alexsmobs:animal_dictionary":1,"minecraft:egg":3,"minecraft:cooked_beef":8}},"DataVersion":3465}