{"stats":{"minecraft:mined":{"minecraft:tuff":18,"minecraft:spruce_planks":3,"iceandfire:silver_ore":12,"minecraft:mossy_cobblestone":2,"minecraft:deepslate_diamond_ore":7,"minecraft:grass_block":14,"minecraft:spruce_leaves":9,"minecraft:acacia_slab":1,"minecraft:frosted_ice":9,"steam_powered:tin_ore":81,"minecraft:large_fern":2,"steam_powered:zinc_ore":48,"minecraft:iron_ore":14,"steam_powered:sticky_mud":3,"minecraft:acacia_stairs":2,"minecraft:andesite":5,"steam_powered:crimson_reeds":1,"minecraft:vine":4,"minecraft:packed_ice":4,"minecraft:wet_sponge":1,"minecraft:stone":169,"minecraft:deepslate_redstone_ore":5,"minecraft:crafting_table":2,"iceandfire:frozen_gravel":2,"minecraft:clay":5,"minecraft:sponge":1,"minecraft:chest":1,"minecraft:tall_grass":10,"minecraft:cobblestone":2,"minecraft:deepslate_gold_ore":2,"minecraft:diorite":7,"minecraft:skeleton_skull":1,"minecraft:mud":1,"minecraft:birch_log":2,"minecraft:sweet_berry_bush":1,"minecraft:ice":14,"minecraft:spruce_log":34,"minecraft:mangrove_planks":6,"minecraft:yellow_bed":1,"minecraft:grass":10,"minecraft:coal_ore":51,"minecraft:gravel":9,"minecraft:dirt":2,"minecraft:acacia_planks":1,"minecraft:stone_bricks":2,"minecraft:mossy_stone_bricks":1,"minecraft:oak_leaves":10,"minecraft:deepslate":72},"minecraft:killed":{"minecraft:spider":2,"enemyexpansion:direwolf":2,"minecraft:skeleton":4,"alexsmobs:bison":1,"enemyexpansion:goblin":1,"minecraft:pig":1,"alexsmobs:grizzly_bear":1,"minecraft:zombie_villager":1,"alexsmobs:seal":1,"minecraft:creeper":1,"minecraft:zombie":1,"iceandfire:ghost":8,"alexscaves:tremorzilla":1,"alexsmobs:crow":1,"mutantmonsters:mutant_creeper":1,"enemyexpansion:wasp":1},"minecraft:picked_up":{"minecraft:crafting_table":2,"alexscaves:sea_staff":1,"iceandfire:frozen_cobblestone":3,"minecraft:shield":1,"minecraft:string":4,"mcwroofs:stone_bricks_lower_roof":1,"minecraft:iron_axe":1,"minecraft:gold_nugget":24,"minecraft:cobbled_deepslate":51,"minecraft:spruce_planks":3,"minecraft:beef":8,"steam_powered:raw_zinc":43,"iceandfire:frozen_gravel":2,"minecraft:sugar_cane":1,"minecraft:chest":1,"minecraft:egg":3,"minecraft:stick":8,"minecraft:raw_iron":14,"minecraft:torch":1,"minecraft:redstone":19,"minecraft:stone_sword":2,"minecraft:arrow":4,"minecraft:rotten_flesh":11,"mcwdoors:mangrove_japanese2_door":1,"minecraft:stripped_birch_wood":55,"minecraft:snowball":24,"minecraft:skeleton_skull":1,"minecraft:cobblestone":96,"minecraft:birch_log":1,"minecraft:feather":1,"alexsmobs:bear_fur":2,"minecraft:tuff":19,"minecraft:yellow_bed":1,"minecraft:gunpowder":11,"minecraft:dirt":37,"minecraft:bone":1,"minecraft:apple":68,"minecraft:stone_bricks":2,"minecraft:wheat_seeds":4,"minecraft:raw_gold":2,"minecraft:mossy_stone_bricks":1,"minecraft:sweet_berries":4,"iceandfire:ash":2,"alexscaves:uranium":31,"minecraft:gravel":1,"minecraft:spruce_sapling":4,"minecraft:ink_sac":1,"minecraft:spruce_log":36,"minecraft:acacia_stairs":4,"alexsmobs:animal_dictionary":1,"minecraft:diamond":7,"steam_powered:raw_tin":77,"iceandfire:dragon_ice":6,"minecraft:bread":6,"alexsmobs:maggot":2,"minecraft:oak_sapling":8,"minecraft:acacia_slab":1,"alexscaves:uranium_shard":12,"iceandfire:silver_nugget":72,"minecraft:coal":51,"iceandfire:raw_silver":12},"minecraft:dropped":{"minecraft:bread":11,"minecraft:wheat_seeds":1,"minecraft:crafting_table":1,"minecraft:feather":1,"minecraft:apple":128,"steam_powered:diving_suit_chestplate":1,"minecraft:stick":1,"iceandfire:ash":2,"minecraft:birch_log":1,"minecraft:gold_ingot":2,"minecraft:compass":1,"alexsmobs:maggot":2,"minecraft:sugar_cane":1,"minecraft:stone_sword":3,"alexsmobs:animal_dictionary":1,"steam_powered:diving_suit_leggings":1,"mcwbridges:iron_bridge_stair":1,"minecraft:acacia_stairs":2,"alexscaves:sea_staff":1,"steam_powered:diving_suit_boots":1,"iceandfire:dragon_ice":3,"minecraft:gunpowder":2,"steam_powered:diving_suit_helmet":1},"minecraft:broken":{"minecraft:shield":1,"minecraft:wooden_sword":1},"minecraft:killed_by":{"minecraft:creeper":1,"minecraft:drowned":1,"man:managgresive":1,"alexsmobs:centipede_head":2,"iceandfire:ice_dragon":5,"minecraft:zombie":1,"alexsmobs:grizzly_bear":2,"enemyexpansion:invisicreeper":1},"minecraft:used":{"iceandfire:silver_sword":21,"minecraft:stone_sword":80,"iceandfire:ghost_sword":300,"alexscaves:spawn_egg_tremorzilla":1,"minecraft:ladder":3,"mcwbridges:dry_bamboo_bridge":33,"minecraft:chest":5,"minecraft:spruce_planks":7,"minecraft:shield":62,"minecraft:iron_sword":179,"minecraft:stripped_birch_wood":1141,"minecraft:torch":14,"minecraft:dirt":1,"hrbsdrills:drill":1,"minecraft:snowball":8,"minecraft:wooden_axe":23,"mcwfences:cherry_wired_fence":30,"mcwroofs:oak_roof":95,"mcwwindows:blue_mosaic_glass_pane":11,"minecraft:iron_axe":44,"iceandfire:ghost_chest":3,"alexscaves:spawn_egg_raycat":1,"mcwfences:iron_cheval_de_frise":2,"alexscaves:thornwood_boat":2,"iceandfire:dread_queen_sword":39,"minecraft:furnace":2,"minecraft:egg":3,"iceandfire:frozen_cobblestone":3,"minecraft:cooked_beef":8,"minecraft:cobbled_deepslate":33,"minecraft:wheat_seeds":1,"mcwbridges:iron_bridge":1,"minecraft:spruce_door":5,"mcwroofs:oak_lower_roof":6,"minecraft:stone_pickaxe":108,"mutantmonsters:endersoul_hand":164,"alexscaves:depth_charge":1,"minecraft:wooden_pickaxe":20,"minecraft:crafting_table":5,"mcwdoors:mangrove_japanese2_door":3,"iceandfire:dragonbone_sword_lightning":92,"minecraft:cod":4,"minecraft:spruce_log":1,"iceandfire:silver_pickaxe":389,"mcwwindows:stripped_oak_log_four_window":14,"minecraft:apple":31,"mcwbridges:iron_bridge_stair":3,"minecraft:bread":19,"minecraft:iron_pickaxe":27,"minecraft:pink_bed":1,"minecraft:wooden_sword":56,"minecraft:cobblestone":119,"minecraft:stripped_oak_wood":1,"minecraft:yellow_bed":1,"alexsmobs:animal_dictionary":1,"mcwdoors:bamboo_japanese_door":2},"minecraft:custom":{"minecraft:mob_kills":56,"minecraft:interact_with_crafting_table":25,"minecraft:open_barrel":10,"minecraft:bell_ring":6,"minecraft:damage_dealt_resisted":27,"minecraft:leave_game":9,"minecraft:time_since_death":9875,"minecraft:climb_one_cm":10195,"minecraft:sprint_one_cm":1011333,"minecraft:walk_one_cm":849721,"minecraft:damage_blocked_by_shield":991,"minecraft:drop":37,"minecraft:talked_to_villager":12,"minecraft:play_time":259890,"minecraft:deaths":14,"minecraft:sneak_time":1519,"minecraft:walk_under_water_one_cm":27015,"minecraft:boat_one_cm":434468,"minecraft:jump":2303,"minecraft:walk_on_water_one_cm":37280,"minecraft:total_world_time":259890,"minecraft:interact_with_furnace":10,"minecraft:interact_with_cartography_table":1,"minecraft:tune_noteblock":9,"minecraft:sleep_in_bed":9,"minecraft:time_since_rest":9911,"minecraft:damage_taken":5260,"minecraft:trigger_trapped_chest":7,"minecraft:damage_dealt":27000,"minecraft:swim_one_cm":11052,"minecraft:fly_one_cm":536237,"minecraft:open_chest":63,"minecraft:crouch_one_cm":6392,"minecraft:fall_one_cm":35490,"minecraft:interact_with_smoker":1},"minecraft:crafted":{"minecraft:wooden_sword":1,"minecraft:furnace":1,"iceandfire:armor_silver_metal_chestplate":1,"minecraft:iron_boots":1,"iceandfire:armor_silver_metal_leggings":1,"minecraft:stone_pickaxe":1,"iceandfire:ghost_chest":1,"minecraft:cooked_beef":8,"iceandfire:silver_ingot":3,"minecraft:crafting_table":2,"minecraft:spruce_planks":152,"minecraft:wooden_pickaxe":1,"minecraft:iron_sword":1,"minecraft:spruce_door":3,"steam_powered:tin_ingot":18,"minecraft:iron_chestplate":1,"minecraft:stick":16,"minecraft:iron_pickaxe":1,"minecraft:wooden_axe":1,"minecraft:stone_sword":1,"minecraft:iron_shovel":1,"minecraft:iron_leggings":1,"iceandfire:silver_pickaxe":1,"iceandfire:silver_sword":1}},"DataVersion":3465}