{"stats":{"minecraft:mined":{"minecraft:spruce_planks":3,"minecraft:mossy_cobblestone":2,"minecraft:crafting_table":2,"minecraft:grass_block":13,"minecraft:tall_grass":8,"minecraft:cobblestone":2,"minecraft:spruce_leaves":6,"minecraft:skeleton_skull":1,"minecraft:large_fern":1,"minecraft:sweet_berry_bush":1,"minecraft:ice":14,"minecraft:spruce_log":33,"minecraft:yellow_bed":1,"minecraft:grass":9,"minecraft:coal_ore":3,"minecraft:vine":2,"minecraft:gravel":1,"minecraft:dirt":2,"minecraft:packed_ice":4,"minecraft:stone":93,"minecraft:stone_bricks":2,"minecraft:mossy_stone_bricks":1},"minecraft:killed":{"minecraft:zombie_villager":1,"alexsmobs:seal":1,"minecraft:spider":1,"enemyexpansion:direwolf":2,"minecraft:creeper":1,"minecraft:skeleton":3,"iceandfire:ghost":5,"alexsmobs:bison":1,"enemyexpansion:goblin":1,"enemyexpansion:wasp":1},"minecraft:picked_up":{"minecraft:crafting_table":2,"alexscaves:sea_staff":1,"minecraft:shield":1,"minecraft:yellow_bed":1,"minecraft:dirt":31,"minecraft:string":2,"minecraft:iron_axe":1,"minecraft:bone":1,"minecraft:apple":65,"minecraft:stone_bricks":2,"minecraft:wheat_seeds":4,"minecraft:spruce_planks":3,"minecraft:beef":8,"minecraft:mossy_stone_bricks":1,"minecraft:egg":3,"minecraft:stick":4,"minecraft:sweet_berries":4,"minecraft:gravel":1,"minecraft:spruce_sapling":1,"minecraft:ink_sac":1,"minecraft:spruce_log":34,"alexsmobs:animal_dictionary":1,"minecraft:stone_sword":2,"minecraft:arrow":3,"minecraft:rotten_flesh":4,"minecraft:bread":6,"alexsmobs:maggot":2,"minecraft:oak_sapling":8,"minecraft:skeleton_skull":1,"minecraft:coal":3,"minecraft:snowball":24,"minecraft:cobblestone":94},"minecraft:dropped":{"minecraft:bread":11,"alexsmobs:maggot":2,"minecraft:wheat_seeds":1,"steam_powered:diving_suit_leggings":1,"minecraft:stone_sword":3,"alexsmobs:animal_dictionary":1,"minecraft:apple":128,"steam_powered:diving_suit_chestplate":1,"alexscaves:sea_staff":1,"steam_powered:diving_suit_boots":1,"steam_powered:diving_suit_helmet":1},"minecraft:broken":{"minecraft:wooden_sword":1},"minecraft:killed_by":{"minecraft:creeper":1,"minecraft:zombie":1,"alexsmobs:grizzly_bear":2},"minecraft:used":{"minecraft:wheat_seeds":1,"minecraft:stone_sword":80,"minecraft:spruce_door":4,"mcwroofs:oak_lower_roof":6,"minecraft:stone_pickaxe":108,"minecraft:ladder":3,"mcwbridges:dry_bamboo_bridge":21,"alexscaves:depth_charge":1,"minecraft:chest":4,"minecraft:spruce_planks":7,"minecraft:wooden_pickaxe":20,"minecraft:stripped_birch_wood":891,"minecraft:torch":14,"hrbsdrills:drill":1,"minecraft:dirt":1,"minecraft:crafting_table":5,"iceandfire:dragonbone_sword_lightning":78,"minecraft:cod":4,"minecraft:snowball":8,"mcwwindows:stripped_oak_log_four_window":14,"minecraft:wooden_axe":23,"mcwfences:cherry_wired_fence":30,"mcwroofs:oak_roof":80,"mcwbridges:iron_bridge_stair":3,"minecraft:iron_axe":30,"minecraft:bread":19,"minecraft:pink_bed":1,"mcwfences:iron_cheval_de_frise":2,"minecraft:wooden_sword":56,"minecraft:cobblestone":119,"alexscaves:thornwood_boat":1,"minecraft:furnace":1,"minecraft:stripped_oak_wood":1,"alexsmobs:animal_dictionary":1,"minecraft:egg":3,"minecraft:yellow_bed":1,"minecraft:cooked_beef":8,"mcwdoors:bamboo_japanese_door":2},"minecraft:custom":{"minecraft:interact_with_furnace":2,"minecraft:mob_kills":43,"minecraft:interact_with_crafting_table":14,"minecraft:interact_with_cartography_table":1,"minecraft:tune_noteblock":7,"minecraft:open_barrel":5,"minecraft:bell_ring":6,"minecraft:damage_dealt_resisted":27,"minecraft:leave_game":6,"minecraft:time_since_death":89070,"minecraft:sleep_in_bed":6,"minecraft:climb_one_cm":3386,"minecraft:time_since_rest":1711,"minecraft:sprint_one_cm":756205,"minecraft:damage_taken":2176,"minecraft:walk_one_cm":559800,"minecraft:trigger_trapped_chest":3,"minecraft:drop":25,"minecraft:damage_dealt":7084,"minecraft:swim_one_cm":1753,"minecraft:talked_to_villager":11,"minecraft:fly_one_cm":326081,"minecraft:open_chest":29,"minecraft:crouch_one_cm":3873,"minecraft:play_time":143327,"minecraft:deaths":4,"minecraft:sneak_time":762,"minecraft:walk_under_water_one_cm":12581,"minecraft:boat_one_cm":4095,"minecraft:jump":1051,"minecraft:walk_on_water_one_cm":9935,"minecraft:interact_with_smoker":1,"minecraft:total_world_time":143327,"minecraft:fall_one_cm":15340},"minecraft:crafted":{"minecraft:cooked_beef":8,"minecraft:wooden_sword":1,"minecraft:crafting_table":2,"minecraft:spruce_planks":152,"minecraft:wooden_pickaxe":1,"minecraft:spruce_door":3,"minecraft:furnace":1,"minecraft:iron_boots":1,"minecraft:iron_chestplate":1,"minecraft:stick":8,"minecraft:iron_pickaxe":1,"minecraft:stone_pickaxe":1,"minecraft:wooden_axe":1,"minecraft:stone_sword":1,"minecraft:iron_shovel":1,"minecraft:iron_leggings":1}},"DataVersion":3465}