{"stats":{"minecraft:mined":{"minecraft:spruce_planks":3,"iceandfire:silver_ore":3,"minecraft:mossy_cobblestone":2,"minecraft:grass_block":13,"minecraft:spruce_leaves":6,"steam_powered:tin_ore":2,"minecraft:large_fern":2,"minecraft:iron_ore":1,"minecraft:vine":3,"minecraft:packed_ice":4,"minecraft:stone":95,"minecraft:crafting_table":2,"minecraft:chest":1,"minecraft:tall_grass":10,"minecraft:cobblestone":2,"minecraft:skeleton_skull":1,"minecraft:birch_log":2,"minecraft:ice":14,"minecraft:sweet_berry_bush":1,"minecraft:spruce_log":33,"minecraft:yellow_bed":1,"minecraft:grass":10,"minecraft:coal_ore":20,"minecraft:gravel":1,"minecraft:dirt":2,"minecraft:stone_bricks":2,"minecraft:mossy_stone_bricks":1,"minecraft:oak_leaves":10},"minecraft:killed":{"minecraft:spider":1,"enemyexpansion:direwolf":2,"minecraft:skeleton":4,"alexsmobs:bison":1,"enemyexpansion:goblin":1,"minecraft:pig":1,"alexsmobs:grizzly_bear":1,"minecraft:zombie_villager":1,"alexsmobs:seal":1,"minecraft:creeper":1,"iceandfire:ghost":8,"alexscaves:tremorzilla":1,"alexsmobs:crow":1,"enemyexpansion:wasp":1},"minecraft:picked_up":{"minecraft:crafting_table":2,"alexscaves:sea_staff":1,"minecraft:shield":1,"minecraft:string":2,"minecraft:iron_axe":1,"minecraft:gold_nugget":24,"minecraft:spruce_planks":3,"minecraft:beef":8,"minecraft:chest":1,"minecraft:sugar_cane":1,"minecraft:egg":3,"minecraft:stick":7,"minecraft:raw_iron":1,"minecraft:torch":1,"minecraft:arrow":4,"minecraft:stone_sword":2,"minecraft:rotten_flesh":4,"mcwdoors:mangrove_japanese2_door":1,"minecraft:stripped_birch_wood":55,"minecraft:snowball":24,"minecraft:skeleton_skull":1,"minecraft:cobblestone":96,"minecraft:birch_log":1,"minecraft:feather":1,"alexsmobs:bear_fur":2,"minecraft:yellow_bed":1,"minecraft:dirt":31,"minecraft:bone":1,"minecraft:apple":68,"minecraft:stone_bricks":2,"minecraft:wheat_seeds":4,"minecraft:mossy_stone_bricks":1,"minecraft:sweet_berries":4,"iceandfire:ash":2,"alexscaves:uranium":31,"minecraft:gravel":1,"minecraft:spruce_sapling":1,"minecraft:ink_sac":1,"minecraft:spruce_log":34,"alexsmobs:animal_dictionary":1,"steam_powered:raw_tin":2,"minecraft:bread":6,"alexsmobs:maggot":2,"minecraft:oak_sapling":8,"alexscaves:uranium_shard":12,"minecraft:coal":20,"iceandfire:raw_silver":3},"minecraft:dropped":{"minecraft:bread":11,"minecraft:wheat_seeds":1,"minecraft:feather":1,"minecraft:apple":128,"steam_powered:diving_suit_chestplate":1,"minecraft:stick":1,"minecraft:birch_log":1,"alexsmobs:maggot":2,"minecraft:sugar_cane":1,"minecraft:stone_sword":3,"alexsmobs:animal_dictionary":1,"steam_powered:diving_suit_leggings":1,"alexscaves:sea_staff":1,"steam_powered:diving_suit_boots":1,"steam_powered:diving_suit_helmet":1},"minecraft:broken":{"minecraft:wooden_sword":1},"minecraft:killed_by":{"minecraft:creeper":1,"man:managgresive":1,"minecraft:zombie":1,"alexsmobs:grizzly_bear":2},"minecraft:used":{"minecraft:stone_sword":80,"iceandfire:ghost_sword":300,"alexscaves:spawn_egg_tremorzilla":1,"minecraft:ladder":3,"mcwbridges:dry_bamboo_bridge":33,"minecraft:spruce_planks":7,"minecraft:chest":5,"minecraft:iron_sword":147,"minecraft:stripped_birch_wood":1070,"minecraft:torch":14,"minecraft:dirt":1,"hrbsdrills:drill":1,"minecraft:snowball":8,"minecraft:wooden_axe":23,"mcwfences:cherry_wired_fence":30,"mcwroofs:oak_roof":95,"mcwwindows:blue_mosaic_glass_pane":11,"minecraft:iron_axe":30,"iceandfire:ghost_chest":3,"alexscaves:spawn_egg_raycat":1,"mcwfences:iron_cheval_de_frise":2,"alexscaves:thornwood_boat":1,"iceandfire:dread_queen_sword":39,"minecraft:furnace":1,"minecraft:egg":3,"minecraft:cooked_beef":8,"minecraft:wheat_seeds":1,"mcwbridges:iron_bridge":1,"minecraft:spruce_door":4,"mcwroofs:oak_lower_roof":6,"minecraft:stone_pickaxe":108,"alexscaves:depth_charge":1,"minecraft:wooden_pickaxe":20,"minecraft:crafting_table":5,"mcwdoors:mangrove_japanese2_door":3,"iceandfire:dragonbone_sword_lightning":92,"minecraft:cod":4,"mcwwindows:stripped_oak_log_four_window":14,"minecraft:apple":15,"mcwbridges:iron_bridge_stair":3,"minecraft:bread":19,"minecraft:iron_pickaxe":27,"minecraft:pink_bed":1,"minecraft:wooden_sword":56,"minecraft:cobblestone":119,"minecraft:stripped_oak_wood":1,"minecraft:yellow_bed":1,"alexsmobs:animal_dictionary":1,"mcwdoors:bamboo_japanese_door":2},"minecraft:custom":{"minecraft:mob_kills":51,"minecraft:interact_with_crafting_table":20,"minecraft:open_barrel":5,"minecraft:bell_ring":6,"minecraft:damage_dealt_resisted":27,"minecraft:leave_game":7,"minecraft:time_since_death":37200,"minecraft:climb_one_cm":5609,"minecraft:sprint_one_cm":896259,"minecraft:walk_one_cm":668099,"minecraft:drop":29,"minecraft:talked_to_villager":12,"minecraft:play_time":193489,"minecraft:deaths":5,"minecraft:sneak_time":866,"minecraft:walk_under_water_one_cm":19278,"minecraft:boat_one_cm":196238,"minecraft:jump":1514,"minecraft:walk_on_water_one_cm":26752,"minecraft:total_world_time":193489,"minecraft:interact_with_furnace":2,"minecraft:tune_noteblock":9,"minecraft:interact_with_cartography_table":1,"minecraft:sleep_in_bed":9,"minecraft:time_since_rest":3782,"minecraft:damage_taken":2729,"minecraft:trigger_trapped_chest":7,"minecraft:damage_dealt":23245,"minecraft:swim_one_cm":4734,"minecraft:fly_one_cm":411608,"minecraft:open_chest":49,"minecraft:crouch_one_cm":4583,"minecraft:interact_with_smoker":1,"minecraft:fall_one_cm":22500},"minecraft:crafted":{"minecraft:wooden_sword":1,"minecraft:furnace":1,"minecraft:iron_boots":1,"minecraft:stone_pickaxe":1,"iceandfire:ghost_chest":1,"minecraft:cooked_beef":8,"minecraft:crafting_table":2,"minecraft:spruce_planks":152,"minecraft:wooden_pickaxe":1,"minecraft:iron_sword":1,"minecraft:spruce_door":3,"minecraft:iron_chestplate":1,"minecraft:stick":12,"minecraft:iron_pickaxe":1,"minecraft:wooden_axe":1,"minecraft:stone_sword":1,"minecraft:iron_shovel":1,"minecraft:iron_leggings":1}},"DataVersion":3465}