{"stats":{"minecraft:killed":{"minecraft:spider":1,"enemyexpansion:direwolf":1},"minecraft:crafted":{"minecraft:oak_planks":44,"minecraft:crafting_table":1,"minecraft:spruce_planks":24,"minecraft:stick":12,"minecraft:wooden_pickaxe":1,"minecraft:stone_pickaxe":1,"minecraft:stone_sword":2,"steam_powered:tin_ingot":24,"minecraft:stone_axe":1},"minecraft:dropped":{"minecraft:spider_eye":1,"minecraft:string":2},"minecraft:custom":{"minecraft:time_since_rest":6647,"minecraft:interact_with_furnace":2,"minecraft:sprint_one_cm":27765,"minecraft:damage_taken":407,"minecraft:walk_one_cm":63844,"minecraft:mob_kills":2,"minecraft:drop":3,"minecraft:damage_dealt":250,"minecraft:interact_with_crafting_table":4,"minecraft:fly_one_cm":21274,"minecraft:open_chest":9,"minecraft:crouch_one_cm":491,"minecraft:play_time":19663,"minecraft:deaths":1,"minecraft:sneak_time":65,"minecraft:boat_one_cm":52882,"minecraft:jump":207,"minecraft:walk_on_water_one_cm":51,"minecraft:time_since_death":13515,"minecraft:sleep_in_bed":3,"minecraft:total_world_time":19663,"minecraft:climb_one_cm":2177,"minecraft:fall_one_cm":5708},"minecraft:killed_by":{"iceandfire:dread_beast":1},"minecraft:picked_up":{"minecraft:stick":1,"minecraft:iron_chestplate":1,"minecraft:tuff":19,"minecraft:oak_log":11,"minecraft:shield":1,"minecraft:spruce_log":6,"minecraft:spider_eye":1,"minecraft:string":2,"minecraft:iron_leggings":1,"minecraft:apple":10,"iceandfire:dragon_ice":3,"minecraft:spruce_planks":2,"minecraft:iron_helmet":1,"minecraft:diamond_helmet":1,"minecraft:birch_sapling":1,"minecraft:iron_sword":1,"minecraft:cobblestone":34},"minecraft:mined":{"minecraft:spruce_planks":2,"minecraft:spruce_log":7,"minecraft:oak_log":11,"iceandfire:dragon_ice":4,"minecraft:spruce_leaves":4,"minecraft:stone":10},"minecraft:used":{"minecraft:apple":3,"iceandfire:armor_silver_metal_leggings":1,"minecraft:spruce_planks":2,"minecraft:wooden_pickaxe":10,"minecraft:iron_sword":9,"iceandfire:dragon_ice":3,"minecraft:pink_bed":1,"minecraft:crafting_table":1,"minecraft:iron_leggings":1}},"DataVersion":3465}