{"stats":{"minecraft:killed":{"minecraft:piglin":3,"minecraft:spider":1,"enemyexpansion:direwolf":1,"alexsmobs:crimson_mosquito":1,"minecraft:skeleton":1,"enemyexpansion:botfly":5,"steam_powered:giant_crab":1,"iceandfire:dread_ghoul":1,"enemyexpansion:slugger":5},"minecraft:crafted":{"minecraft:oak_planks":44,"minecraft:crafting_table":3,"minecraft:spruce_planks":24,"minecraft:wooden_pickaxe":1,"steam_powered:tin_ingot":24,"minecraft:stone_axe":1,"minecraft:bread":111,"minecraft:stick":32,"minecraft:stone_pickaxe":1,"minecraft:stone_sword":2,"minecraft:torch":68,"iceandfire:silver_pickaxe":1,"iceandfire:silver_sword":1,"minecraft:wheat":333},"minecraft:custom":{"minecraft:interact_with_furnace":4,"minecraft:mob_kills":22,"minecraft:interact_with_crafting_table":10,"minecraft:tune_noteblock":1,"minecraft:open_barrel":3,"minecraft:interact_with_loom":1,"minecraft:time_since_death":29741,"minecraft:sleep_in_bed":4,"minecraft:climb_one_cm":6225,"minecraft:time_since_rest":29776,"minecraft:sprint_one_cm":115852,"minecraft:damage_taken":3960,"minecraft:walk_one_cm":257678,"minecraft:damage_blocked_by_shield":2170,"minecraft:trigger_trapped_chest":1,"minecraft:drop":14,"minecraft:damage_dealt":4580,"minecraft:swim_one_cm":6451,"minecraft:talked_to_villager":1,"minecraft:fly_one_cm":527520,"minecraft:open_chest":61,"minecraft:crouch_one_cm":7637,"minecraft:play_time":97663,"minecraft:deaths":12,"minecraft:sneak_time":3044,"minecraft:walk_under_water_one_cm":11585,"minecraft:boat_one_cm":52882,"minecraft:jump":885,"minecraft:interact_with_blast_furnace":1,"minecraft:walk_on_water_one_cm":10576,"minecraft:total_world_time":97663,"minecraft:fall_one_cm":23561},"minecraft:dropped":{"minecraft:bread":43,"minecraft:cobblestone":8,"minecraft:rotten_flesh":1,"minecraft:apple":1,"iceandfire:dread_stone_bricks_cracked":1,"iceandfire:dread_stone_bricks_mossy":1,"minecraft:dirt":1,"minecraft:spider_eye":1,"minecraft:string":2,"minecraft:egg":1,"minecraft:bone":1},"minecraft:killed_by":{"minecraft:piglin":1,"iceandfire:dread_beast":7,"minecraft:player":3},"minecraft:picked_up":{"iceandfire:dread_stone_bricks":2,"minecraft:iron_chestplate":1,"minecraft:andesite":7,"minecraft:ice":1,"minecraft:tuff":19,"minecraft:oak_log":11,"iceandfire:dread_stone_bricks_cracked":1,"minecraft:shield":1,"minecraft:dirt":1,"minecraft:string":2,"minecraft:iron_leggings":1,"minecraft:bone":1,"minecraft:beetroot":1,"minecraft:apple":11,"alexsmobs:blood_sac":2,"minecraft:spruce_planks":2,"steam_powered:raw_zinc":4,"iceandfire:dread_shard":9,"minecraft:diamond_helmet":1,"minecraft:birch_sapling":1,"minecraft:iron_sword":1,"minecraft:egg":2,"minecraft:stick":1,"minecraft:raw_iron":6,"minecraft:torch":8,"minecraft:sand":1,"minecraft:spruce_log":6,"minecraft:grass_block":4,"minecraft:spider_eye":1,"iceandfire:dragonegg_red":1,"minecraft:weeping_vines":1,"minecraft:rotten_flesh":1,"minecraft:beetroot_seeds":3,"iceandfire:dread_stone_bricks_mossy":1,"minecraft:iron_helmet":1,"iceandfire:dragon_ice":3,"minecraft:hay_block":37,"minecraft:granite":7,"minecraft:bread":1,"minecraft:netherrack":1,"minecraft:crimson_roots":1,"minecraft:coal":24,"minecraft:cobblestone":173},"minecraft:broken":{"minecraft:shield":1},"minecraft:mined":{"minecraft:spruce_planks":2,"minecraft:mossy_cobblestone":9,"minecraft:granite":7,"minecraft:crimson_roots":1,"minecraft:tall_grass":2,"minecraft:cobblestone":7,"minecraft:spruce_leaves":4,"iceandfire:dragon_ice":4,"minecraft:diorite":6,"minecraft:wall_torch":4,"minecraft:spawner":1,"steam_powered:zinc_ore":4,"minecraft:hay_block":37,"minecraft:iron_ore":6,"minecraft:fire":14,"minecraft:ice":1,"minecraft:spruce_log":7,"minecraft:andesite":11,"minecraft:grass":5,"minecraft:coal_ore":24,"minecraft:oak_log":11,"minecraft:dirt":1,"minecraft:stone":236,"iceandfire:dread_stone_bricks_cracked":1,"minecraft:gold_ore":2,"iceandfire:dread_stone_bricks":2},"minecraft:used":{"minecraft:beetroot":1,"minecraft:water_bucket":13,"iceandfire:silver_sword":101,"minecraft:flint_and_steel":1,"minecraft:oak_planks":4,"minecraft:wooden_pickaxe":10,"minecraft:spruce_planks":2,"minecraft:shield":88,"minecraft:iron_sword":30,"iceandfire:dread_stone_bricks":1,"minecraft:stripped_birch_wood":20,"minecraft:torch":20,"minecraft:crafting_table":3,"minecraft:obsidian":15,"iceandfire:silver_pickaxe":314,"minecraft:apple":9,"minecraft:bread":8,"iceandfire:armor_silver_metal_leggings":1,"minecraft:iron_boots":1,"iceandfire:ash":2,"iceandfire:dragon_ice":3,"minecraft:pink_bed":1,"minecraft:cobblestone":3,"minecraft:stripped_oak_wood":2,"minecraft:bucket":13,"minecraft:ice":1,"iceandfire:dragonegg_red":1,"minecraft:iron_leggings":1}},"DataVersion":3465}