{"stats":{"minecraft:killed":{"alexsmobs:lobster":4,"minecraft:cave_spider":7,"minecraft:spider":8,"alexsmobs:snow_leopard":1,"alexsmobs:murmur":1,"minecraft:cod":3,"minecraft:skeleton":12,"steam_powered:giant_crab":2,"enemyexpansion:vampflyer":1,"minecraft:pig":5,"alexsmobs:grizzly_bear":1,"enemyexpansion:ladybug":1,"alexsmobs:seal":2,"minecraft:iron_golem":1,"mutantmonsters:mutant_skeleton":1,"minecraft:creeper":6,"alexsmobs:crimson_mosquito":13,"minecraft:sheep":1,"minecraft:zombie":14,"creepycreepers:snowy_creeper":1,"alexsmobs:terrapin":1,"enemyexpansion:botfly":8,"alexsmobs:fly":1,"enemyexpansion:wasp":2,"minecraft:cow":3,"creepycreepers:tuff_creeper":1,"alexscaves:raycat":1,"iceandfire:dread_beast":1,"alexsmobs:seagull":2,"minecraft:slime":1,"enemyexpansion:direwolf":12,"enemyexpansion:goblin_fear":1,"enemyexpansion:faller":1,"iceandfire:dread_knight":2,"iceandfire:dread_thrall":15,"alexsmobs:bison":1,"alexsmobs:tusklin":1,"enemyexpansion:sprinter":5,"minecraft:hoglin":2,"iceandfire:ghost":8,"enemyexpansion:huntsman":3,"iceandfire:ice_dragon":1,"alexsmobs:crow":1,"mutantmonsters:mutant_zombie":1,"enemyexpansion:slugger":1},"minecraft:crafted":{"mcwwindows:window_half_bar_base":76,"minecraft:smooth_stone":9,"minecraft:oak_planks":512,"iceandfire:silver_nugget":9,"minecraft:birch_boat":3,"iceandfire:silver_shovel":2,"minecraft:lightning_rod":1,"minecraft:birch_slab":246,"iceandfire:lectern":1,"minecraft:stone":840,"mcwdoors:birch_japanese_door":9,"minecraft:bookshelf":24,"mcwpaths:stone_crystal_floor":1,"minecraft:cooked_mutton":4,"iceandfire:armor_copper_metal_boots":2,"minecraft:glass":136,"iceandfire:armor_silver_metal_chestplate":2,"minecraft:bow":3,"minecraft:iron_boots":1,"iceandfire:armor_silver_metal_leggings":2,"iceandfire:armor_copper_metal_chestplate":1,"minecraft:chest":13,"mcwfurnitures:cabinet_door":3,"minecraft:dried_kelp_block":16,"minecraft:stone_hoe":1,"minecraft:smoker":1,"minecraft:golden_boots":1,"iceandfire:silver_axe":2,"minecraft:arrow":16,"minecraft:cooked_porkchop":16,"minecraft:crafting_table":10,"mcwwindows:window_centre_bar_base":76,"minecraft:spruce_planks":140,"minecraft:iron_helmet":1,"minecraft:baked_potato":149,"minecraft:wooden_pickaxe":1,"mcwfurnitures:stripped_birch_cupboard_counter":4,"minecraft:spruce_door":3,"mcwroofs:stone_bricks_roof":1,"minecraft:copper_ingot":33,"steam_powered:tin_ingot":32,"mcwtrpdoors:oak_glass_trapdoor":44,"minecraft:birch_planks":220,"mcwtrpdoors:spruce_glass_trapdoor":20,"minecraft:painting":1,"minecraft:paper":27,"mcwwindows:window_base":76,"minecraft:shield":1,"minecraft:birch_fence":21,"minecraft:stick":236,"minecraft:iron_ingot":56,"minecraft:iron_pickaxe":2,"minecraft:stone_sword":1,"minecraft:gold_ingot":18,"mcwwindows:oak_four_window":72,"iceandfire:silver_sword":1,"minecraft:shears":1,"minecraft:oak_door":3,"minecraft:stone_shovel":1,"mcwfurnitures:birch_striped_chair":4,"minecraft:iron_nugget":63,"mcwbridges:stone_brick_bridge_stair":28,"minecraft:furnace":6,"minecraft:blast_furnace":1,"iceandfire:armor_copper_metal_leggings":2,"minecraft:bone_meal":36,"iceandfire:armor_copper_metal_helmet":2,"minecraft:glass_pane":64,"mcwfurnitures:birch_counter":1,"minecraft:lantern":7,"minecraft:iron_hoe":1,"mcwfurnitures:birch_bookshelf_cupboard":8,"mcwdoors:birch_western_door":3,"minecraft:stone_pickaxe":1,"minecraft:spruce_boat":1,"minecraft:golden_helmet":1,"minecraft:wheat":432,"minecraft:cooked_beef":12,"minecraft:cooked_cod":2,"minecraft:crimson_planks":24,"minecraft:diamond_sword":1,"mcwpaths:stone_running_bond":1,"iceandfire:silver_ingot":44,"alexsmobs:cooked_lobster_tail":2,"mcwfurnitures:birch_coffee_table":9,"minecraft:dried_kelp":150,"minecraft:iron_sword":1,"iceandfire:dread_sword":1,"mcwbridges:bridge_torch":2,"minecraft:bucket":6,"minecraft:stone_axe":1,"minecraft:bread":158,"minecraft:air":0,"mcwdoors:spruce_japanese_door":3,"minecraft:oak_boat":2,"iceandfire:armor_silver_metal_helmet":1,"minecraft:oak_chest_boat":1,"minecraft:white_wool":1,"minecraft:birch_trapdoor":6,"minecraft:iron_shovel":1,"mcwfurnitures:stripped_birch_wardrobe":4,"iceandfire:silver_pickaxe":4,"minecraft:torch":92,"mcwroofs:stone_bricks_top_roof":1,"minecraft:diamond_chestplate":1},"minecraft:custom":{"minecraft:animals_bred":1,"minecraft:interact_with_crafting_table":193,"minecraft:open_barrel":4,"minecraft:leave_game":18,"minecraft:time_since_death":6490,"minecraft:sprint_one_cm":1755342,"minecraft:damage_blocked_by_shield":3576,"minecraft:drop":159,"minecraft:play_noteblock":1,"minecraft:talked_to_villager":9,"minecraft:play_time":784958,"minecraft:deaths":23,"minecraft:jump":12193,"minecraft:walk_on_water_one_cm":122608,"minecraft:interact_with_furnace":232,"minecraft:interact_with_cartography_table":1,"minecraft:interact_with_loom":1,"minecraft:sleep_in_bed":25,"minecraft:damage_dealt":62853,"minecraft:crouch_one_cm":46636,"minecraft:interact_with_smoker":61,"minecraft:interact_with_anvil":1,"minecraft:mob_kills":288,"minecraft:damage_dealt_resisted":589,"minecraft:climb_one_cm":869,"minecraft:walk_one_cm":2761565,"minecraft:sneak_time":14954,"minecraft:walk_under_water_one_cm":94046,"minecraft:boat_one_cm":611678,"minecraft:interact_with_blast_furnace":5,"minecraft:total_world_time":784958,"minecraft:tune_noteblock":1,"minecraft:interact_with_stonecutter":47,"minecraft:time_since_rest":6599,"minecraft:damage_absorbed":40,"minecraft:damage_taken":18550,"minecraft:trigger_trapped_chest":8,"minecraft:swim_one_cm":279028,"minecraft:fly_one_cm":2144191,"minecraft:open_chest":268,"minecraft:fall_one_cm":255245},"minecraft:dropped":{"minecraft:moss_block":2,"minecraft:baked_potato":39,"iceandfire:silver_axe":1,"minecraft:crafting_table":1,"minecraft:cooked_porkchop":1,"minecraft:glow_berries":4,"minecraft:lantern":2,"minecraft:red_wool":1,"minecraft:cracked_stone_bricks":1,"minecraft:cod":1,"minecraft:dirt":1,"mcwroofs:stone_bricks_roof":1,"minecraft:grass":2,"minecraft:cooked_cod":1,"minecraft:snowball":33,"minecraft:gold_nugget":64,"minecraft:bone_meal":1,"minecraft:sand":3,"minecraft:white_wool":1,"minecraft:armor_stand":1,"minecraft:bone":3,"minecraft:sugar_cane":17,"mutantmonsters:mutant_skeleton_pelvis":1,"minecraft:birch_sapling":2,"minecraft:rotten_flesh":16,"minecraft:oak_planks":2,"alexsmobs:elastic_tendon":3,"iceandfire:ghost_chest":2,"minecraft:gunpowder":2,"iceandfire:armor_copper_metal_leggings":2,"minecraft:quartz":42,"minecraft:netherrack":112,"newshieldvariants:gold_shield":2,"minecraft:stone_hoe":2,"minecraft:bread":76,"minecraft:wheat_seeds":7,"iceandfire:armor_copper_metal_chestplate":2,"minecraft:feather":6,"minecraft:apple":1,"minecraft:spruce_door":2,"minecraft:ink_sac":7,"minecraft:torch":1,"iceandfire:silver_sword":1,"minecraft:flowering_azalea":4,"minecraft:iron_axe":1,"minecraft:string":4,"minecraft:spruce_sapling":2,"iceandfire:silver_nugget":8,"minecraft:sweet_berries":17,"alexsmobs:maggot":4,"minecraft:stone_sword":1,"minecraft:stone_shovel":1,"minecraft:white_carpet":2,"steam_powered:diving_suit_boots":1,"minecraft:diamond_sword":1,"minecraft:potato":18,"minecraft:stone":9,"minecraft:shield":1,"minecraft:spruce_trapdoor":1,"mutantmonsters:mutant_skeleton_limb":1,"minecraft:diamond_pickaxe":1,"minecraft:yellow_bed":1,"mcwdoors:birch_western_door":3,"minecraft:small_dripleaf":1,"minecraft:spider_eye":2,"minecraft:stone_bricks":2,"minecraft:bow":1,"minecraft:stone_pickaxe":1,"minecraft:wooden_pickaxe":1,"mutantmonsters:mutant_skeleton_skull":1},"minecraft:killed_by":{"alexsmobs:tusklin":1,"man:managgresive":2,"iceandfire:ice_dragon":9,"minecraft:player":1,"iceandfire:dread_beast":1,"iceandfire:dread_scuttler":1,"alexsmobs:bison":1,"iceandfire:dread_knight":2,"minecraft:hoglin":1,"alexsmobs:crimson_mosquito":1},"minecraft:picked_up":{"iceandfire:dread_stone_bricks":3,"minecraft:wheat":43,"mcwfurnitures:birch_counter":1,"iceandfire:armor_copper_metal_chestplate":1,"minecraft:string":14,"mcwroofs:stone_bricks_lower_roof":72,"minecraft:raw_copper":66,"minecraft:iron_leggings":1,"steam_powered:tin_ingot":62,"minecraft:armor_stand":1,"alexsmobs:blood_sac":6,"minecraft:cobbled_deepslate":47,"minecraft:spruce_planks":5,"steam_powered:raw_zinc":1,"mcwbridges:bridge_torch":10,"mcwbridges:stone_brick_bridge_stair":1,"minecraft:redstone_torch":1,"minecraft:furnace":12,"mcwpaths:stone_windmill_weave":148,"minecraft:stick":32,"iceandfire:ghost_chest":2,"minecraft:big_dripleaf":2,"minecraft:birch_trapdoor":2,"minecraft:torch":54,"iceandfire:dread_sword":3,"minecraft:porkchop":16,"mutantmonsters:mutant_skeleton_pelvis":1,"minecraft:rotten_flesh":66,"minecraft:blackstone_stairs":1,"minecraft:cod":6,"minecraft:snowball":38,"alexsmobs:lobster_tail":2,"minecraft:cobblestone":1346,"minecraft:birch_log":105,"minecraft:enchanting_table":4,"iceandfire:sapphire_gem":5,"minecraft:feather":10,"minecraft:birch_slab":9,"minecraft:smoker":1,"minecraft:potato":398,"minecraft:flint":6,"minecraft:tuff":3,"minecraft:lapis_lazuli":40,"minecraft:stripped_birch_log":13,"minecraft:dirt":554,"minecraft:lantern":7,"minecraft:bone":62,"mcwroofs:stone_bricks_roof":12,"minecraft:bow":4,"minecraft:stonecutter":2,"minecraft:wheat_seeds":131,"minecraft:small_dripleaf":2,"minecraft:raw_gold":1,"minecraft:mossy_stone_bricks":1,"minecraft:glowstone_dust":55,"minecraft:moss_block":4,"minecraft:stone_hoe":1,"minecraft:oak_planks":23,"mcwdoors:spruce_japanese_door":5,"minecraft:cooked_porkchop":3,"mcwpaths:stone_crystal_floor":2,"minecraft:poisonous_potato":2,"minecraft:sand":574,"minecraft:ink_sac":12,"man:tearoftheman":1,"minecraft:diamond":15,"iceandfire:dread_stone_bricks_mossy":2,"minecraft:bone_meal":1,"minecraft:grass":2,"alexsmobs:banana_slug_slime":2,"minecraft:bread":9,"alexsmobs:maggot":4,"minecraft:oak_sapling":38,"minecraft:netherrack":8,"mcwroofs:stone_bricks_top_roof":2,"minecraft:crimson_roots":3,"iceandfire:raw_silver":47,"minecraft:crafting_table":10,"mcwfurnitures:birch_striped_chair":1,"mcwroofs:stone_bricks_upper_lower_roof":122,"minecraft:gold_block":2,"iceandfire:frozen_cobblestone":1,"minecraft:shield":2,"minecraft:red_bed":8,"minecraft:white_carpet":2,"minecraft:cracked_stone_bricks":1,"iceandfire:dread_shard":7,"minecraft:beef":13,"alexsmobs:elastic_tendon":4,"minecraft:oak_boat":3,"mcwwindows:stripped_oak_log_four_window":1,"minecraft:poppy":1,"minecraft:sugar_cane":53,"minecraft:birch_sapling":8,"minecraft:spruce_trapdoor":2,"minecraft:egg":1,"minecraft:raw_iron":56,"minecraft:sandstone":1,"iceandfire:dragonbone":11,"minecraft:stone":26,"mcwpaths:stone_running_bond":1,"minecraft:copper_ingot":31,"mcwfurnitures:stripped_birch_wardrobe":1,"minecraft:redstone":24,"iceandfire:dragon_skull_ice":1,"iceandfire:silver_ingot":13,"minecraft:arrow":43,"minecraft:hay_block":62,"minecraft:oak_chest_boat":1,"minecraft:glow_berries":8,"minecraft:mutton":4,"minecraft:rail":2,"minecraft:white_wool":1,"mcwdoors:birch_japanese_door":1,"minecraft:crimson_stem":6,"minecraft:leather":4,"minecraft:birch_planks":57,"minecraft:chainmail_chestplate":1,"minecraft:oak_log":146,"iceandfire:dread_stone_bricks_cracked":3,"minecraft:yellow_bed":1,"minecraft:nether_wart_block":3,"minecraft:gunpowder":13,"mcwwindows:oak_four_window":7,"alexsmobs:mosquito_proboscis":1,"mutantmonsters:mutant_skeleton_limb":1,"minecraft:apple":4,"minecraft:stone_bricks":25,"minecraft:kelp":150,"mcwdoors:birch_western_door":7,"minecraft:iron_ingot":28,"minecraft:cobweb":6,"mcwtrpdoors:spruce_glass_trapdoor":1,"minecraft:flowering_azalea":8,"minecraft:book":18,"minecraft:smooth_basalt":1,"minecraft:sweet_berries":83,"minecraft:red_wool":3,"minecraft:gravel":41,"minecraft:spruce_sapling":6,"minecraft:spruce_log":45,"newshieldvariants:gold_shield":2,"minecraft:spider_eye":4,"mcwfurnitures:birch_coffee_table":1,"minecraft:slime_ball":4,"iceandfire:silver_sword":1,"minecraft:chainmail_leggings":1,"steam_powered:raw_tin":54,"minecraft:painting":1,"minecraft:baked_potato":1,"minecraft:black_wool":1,"minecraft:coal":459},"minecraft:broken":{"minecraft:golden_helmet":1,"minecraft:iron_shovel":1,"minecraft:golden_boots":2,"iceandfire:silver_pickaxe":3,"iceandfire:silver_sword":1,"minecraft:stone_axe":1,"iceandfire:armor_silver_metal_chestplate":1,"iceandfire:silver_shovel":1,"iceandfire:armor_copper_metal_helmet":2,"iceandfire:armor_silver_metal_helmet":1,"minecraft:shield":1,"minecraft:iron_pickaxe":2,"minecraft:iron_helmet":1,"iceandfire:armor_copper_metal_boots":2},"minecraft:mined":{"minecraft:spruce_planks":5,"minecraft:blackstone_stairs":1,"minecraft:spruce_trapdoor":1,"minecraft:cave_vines_plant":8,"minecraft:grass_block":239,"mcwfurnitures:birch_striped_chair":1,"mcwpaths:stone_windmill_weave":150,"minecraft:weeping_vines_plant":2,"minecraft:tall_seagrass":1,"mcwdoors:spruce_japanese_door":5,"minecraft:glowstone":23,"minecraft:iron_ore":32,"minecraft:fire":8,"minecraft:deepslate_lapis_ore":4,"minecraft:enchanting_table":4,"minecraft:cave_vines":11,"mcwbridges:bridge_torch":10,"mcwdoors:birch_japanese_door":1,"minecraft:azalea":1,"iceandfire:dread_stone_bricks_cracked":7,"mcwfurnitures:stripped_birch_wardrobe":1,"mcwfurnitures:birch_counter":1,"minecraft:deepslate_redstone_ore":6,"mcwtrpdoors:spruce_glass_trapdoor":2,"minecraft:red_bed":6,"mcwroofs:stone_bricks_roof":12,"minecraft:kelp_plant":15,"minecraft:smoker":2,"minecraft:clay":7,"mcwdoors:birch_western_door":4,"minecraft:torch":37,"iceandfire:dragon_ice_spikes":14,"iceandfire:ghost_chest":2,"iceandfire:frozen_dirt":1,"iceandfire:sapphire_ore":5,"minecraft:glass":1,"minecraft:cobblestone":159,"mcwbridges:stone_brick_bridge_stair":1,"minecraft:oak_planks":23,"minecraft:sugar_cane":27,"minecraft:wall_torch":8,"minecraft:seagrass":1,"minecraft:nether_wart_block":5,"minecraft:birch_log":104,"minecraft:birch_trapdoor":2,"minecraft:wheat":44,"minecraft:grass":45,"iceandfire:dread_stone_bricks_mossy":2,"minecraft:oak_log":142,"mcwfurnitures:birch_coffee_table":1,"minecraft:sand":434,"minecraft:dirt":181,"minecraft:smooth_basalt":1,"minecraft:deepslate":25,"iceandfire:dread_stone_bricks":7,"minecraft:stonecutter":2,"minecraft:netherrack":9,"minecraft:oak_leaves":19,"minecraft:tuff":5,"iceandfire:silver_ore":49,"minecraft:deepslate_diamond_ore":15,"mcwpaths:stone_running_bond":1,"minecraft:stripped_birch_log":13,"minecraft:glow_lichen":2,"minecraft:chiseled_bookshelf":4,"minecraft:crimson_roots":2,"minecraft:birch_slab":9,"minecraft:spruce_leaves":19,"minecraft:moss_block":5,"steam_powered:tin_ore":54,"minecraft:sandstone":1,"minecraft:crimson_stem":8,"minecraft:large_fern":2,"minecraft:hay_block":64,"steam_powered:zinc_ore":1,"mcwwindows:stripped_oak_log_four_window":1,"mcwroofs:stone_bricks_lower_roof":74,"mcwwindows:oak_four_window":7,"minecraft:furnace":12,"minecraft:snow":4,"minecraft:gold_block":2,"minecraft:bookshelf":6,"minecraft:potatoes":110,"minecraft:deepslate_iron_ore":26,"minecraft:vine":1,"minecraft:lantern":5,"minecraft:packed_ice":1,"minecraft:stone":1140,"minecraft:podzol":4,"minecraft:flowering_azalea":4,"minecraft:red_wool":2,"minecraft:brown_stained_glass_pane":1,"minecraft:snow_block":4,"minecraft:crafting_table":10,"mcwroofs:stone_bricks_top_roof":2,"mcwroofs:stone_bricks_upper_lower_roof":122,"minecraft:copper_ore":20,"minecraft:tall_grass":7,"minecraft:birch_planks":40,"minecraft:redstone_torch":1,"minecraft:sweet_berry_bush":8,"minecraft:ice":2,"minecraft:white_carpet":3,"minecraft:spruce_log":39,"minecraft:birch_leaves":4,"minecraft:yellow_bed":2,"minecraft:coal_ore":231,"minecraft:gravel":45,"mcwpaths:stone_crystal_floor":1,"minecraft:cobweb":10,"minecraft:cracked_stone_bricks":1,"minecraft:stone_bricks":14,"minecraft:small_dripleaf":2,"minecraft:mossy_stone_bricks":1,"minecraft:gold_ore":1},"minecraft:used":{"iceandfire:lectern":1,"minecraft:iron_shovel":282,"minecraft:shield":61,"minecraft:chest":9,"minecraft:iron_sword":178,"minecraft:rotten_flesh":10,"mcwwindows:oak_four_window":75,"minecraft:axolotl_bucket":2,"minecraft:big_dripleaf":2,"minecraft:glass":48,"minecraft:spruce_boat":1,"mcwroofs:stone_bricks_upper_lower_roof":325,"minecraft:lantern":7,"alexsmobs:cooked_lobster_tail":2,"minecraft:birch_sapling":3,"mcwroofs:stone_bricks_roof":12,"mcwfurnitures:birch_coffee_table":9,"minecraft:stone_bricks":11,"minecraft:birch_trapdoor":2,"minecraft:bow":64,"minecraft:sweet_berries":69,"minecraft:furnace":15,"minecraft:cooked_cod":1,"minecraft:potato":204,"minecraft:oak_chest_boat":2,"mcwtrpdoors:oak_glass_trapdoor":33,"minecraft:spruce_door":1,"mcwpaths:stone_windmill_weave":456,"minecraft:stone_pickaxe":87,"minecraft:oak_planks":21,"mcwfurnitures:birch_striped_chair":5,"minecraft:wooden_pickaxe":8,"minecraft:sugar_cane":9,"minecraft:golden_apple":1,"minecraft:glow_berries":11,"minecraft:sand":171,"mcwdoors:spruce_japanese_door":5,"minecraft:blast_furnace":1,"iceandfire:silver_axe":426,"mcwpaths:stone_crystal_floor":1,"minecraft:lightning_rod":1,"iceandfire:silver_pickaxe":1671,"minecraft:birch_slab":193,"minecraft:bread":97,"minecraft:gravel":9,"minecraft:diamond_sword":225,"mcwfurnitures:stripped_birch_wardrobe":1,"minecraft:birch_log":13,"minecraft:oak_boat":4,"minecraft:bone_meal":36,"minecraft:cobweb":10,"mcwdoors:birch_western_door":4,"minecraft:enchanting_table":4,"minecraft:stone_sword":54,"iceandfire:silver_sword":924,"minecraft:stone_shovel":32,"minecraft:stone_hoe":121,"minecraft:netherrack":27,"minecraft:oak_door":2,"minecraft:torch":162,"minecraft:dirt":315,"minecraft:chainmail_chestplate":1,"minecraft:cod_bucket":4,"mcwtrpdoors:spruce_glass_trapdoor":18,"minecraft:iron_hoe":91,"minecraft:flowering_azalea":1,"minecraft:bookshelf":27,"minecraft:crimson_planks":16,"minecraft:diamond_chestplate":1,"mcwfurnitures:birch_bookshelf_cupboard":8,"iceandfire:dread_queen_sword":128,"minecraft:cooked_beef":12,"mcwpaths:stone_running_bond":1,"minecraft:wheat_seeds":48,"minecraft:cooked_mutton":4,"minecraft:water_bucket":60,"mcwfurnitures:birch_counter":1,"mcwdoors:birch_japanese_door":8,"minecraft:birch_planks":50,"minecraft:baked_potato":114,"minecraft:birch_boat":3,"minecraft:stonecutter":2,"minecraft:crafting_table":18,"minecraft:red_bed":8,"mcwfurnitures:stripped_birch_cupboard_counter":3,"iceandfire:dread_stone_bricks_mossy":1,"minecraft:painting":2,"minecraft:smoker":2,"minecraft:oak_log":3,"mcwbridges:stone_brick_bridge_stair":27,"mcwwindows:stripped_oak_log_four_window":1,"minecraft:apple":12,"mcwbridges:bridge_torch":12,"minecraft:iron_pickaxe":499,"mcwroofs:stone_bricks_top_roof":2,"mcwroofs:stone_bricks_lower_roof":195,"minecraft:spruce_sapling":2,"minecraft:stone_axe":110,"minecraft:cobblestone":198,"minecraft:cooked_porkchop":17,"minecraft:bucket":68,"alexsmobs:animal_dictionary":3,"iceandfire:silver_shovel":623,"newshieldvariants:gold_shield":19}},"DataVersion":3465}