{"stats":{"minecraft:killed":{"alexsmobs:lobster":4,"minecraft:spider":3,"alexsmobs:snow_leopard":1,"minecraft:cod":3,"minecraft:skeleton":2,"minecraft:pig":1,"alexsmobs:grizzly_bear":1,"alexsmobs:seal":2,"minecraft:iron_golem":1,"mutantmonsters:mutant_skeleton":1,"minecraft:creeper":2,"minecraft:zombie":6,"creepycreepers:snowy_creeper":1,"alexsmobs:fly":1,"enemyexpansion:wasp":1,"alexscaves:raycat":1,"iceandfire:dread_beast":1,"alexsmobs:seagull":1,"enemyexpansion:direwolf":8,"iceandfire:dread_knight":2,"alexsmobs:bison":1,"alexsmobs:tusklin":1,"enemyexpansion:sprinter":1,"iceandfire:ghost":8,"enemyexpansion:huntsman":2,"alexsmobs:crow":1},"minecraft:crafted":{"mcwwindows:window_half_bar_base":76,"minecraft:oak_planks":156,"iceandfire:silver_shovel":1,"minecraft:birch_slab":234,"minecraft:stone":825,"mcwdoors:birch_japanese_door":9,"mcwpaths:stone_crystal_floor":1,"minecraft:cooked_mutton":3,"iceandfire:armor_copper_metal_boots":2,"minecraft:glass":72,"iceandfire:armor_silver_metal_chestplate":1,"iceandfire:armor_copper_metal_chestplate":1,"minecraft:chest":5,"minecraft:dried_kelp_block":16,"minecraft:stone_hoe":1,"minecraft:smoker":1,"iceandfire:silver_axe":1,"minecraft:cooked_porkchop":6,"minecraft:crafting_table":6,"mcwwindows:window_centre_bar_base":76,"minecraft:spruce_planks":136,"minecraft:wooden_pickaxe":1,"minecraft:baked_potato":19,"minecraft:spruce_door":3,"minecraft:copper_ingot":33,"mcwroofs:stone_bricks_roof":1,"steam_powered:tin_ingot":32,"minecraft:birch_planks":200,"mcwtrpdoors:spruce_glass_trapdoor":16,"minecraft:paper":27,"mcwwindows:window_base":76,"minecraft:shield":1,"minecraft:birch_fence":9,"minecraft:stick":168,"minecraft:iron_ingot":11,"minecraft:iron_pickaxe":1,"minecraft:stone_sword":1,"mcwwindows:oak_four_window":72,"iceandfire:silver_sword":1,"minecraft:stone_shovel":1,"mcwbridges:stone_brick_bridge_stair":2,"minecraft:furnace":2,"iceandfire:armor_copper_metal_leggings":2,"iceandfire:armor_copper_metal_helmet":2,"minecraft:glass_pane":32,"mcwfurnitures:birch_counter":1,"mcwdoors:birch_western_door":3,"minecraft:stone_pickaxe":1,"minecraft:spruce_boat":1,"minecraft:wheat":432,"minecraft:cooked_beef":7,"minecraft:cooked_cod":2,"iceandfire:silver_ingot":21,"mcwpaths:stone_running_bond":1,"alexsmobs:cooked_lobster_tail":2,"mcwfurnitures:birch_coffee_table":9,"minecraft:dried_kelp":150,"minecraft:iron_sword":1,"minecraft:stone_axe":1,"minecraft:bread":144,"minecraft:air":0,"mcwdoors:spruce_japanese_door":3,"iceandfire:armor_silver_metal_helmet":1,"minecraft:torch":32,"iceandfire:silver_pickaxe":3,"mcwroofs:stone_bricks_top_roof":1},"minecraft:custom":{"minecraft:interact_with_crafting_table":98,"minecraft:open_barrel":4,"minecraft:leave_game":11,"minecraft:time_since_death":241265,"minecraft:sprint_one_cm":725375,"minecraft:damage_blocked_by_shield":965,"minecraft:drop":49,"minecraft:talked_to_villager":8,"minecraft:play_time":403176,"minecraft:deaths":8,"minecraft:jump":6700,"minecraft:walk_on_water_one_cm":15468,"minecraft:interact_with_furnace":183,"minecraft:interact_with_cartography_table":1,"minecraft:sleep_in_bed":16,"minecraft:damage_dealt":33395,"minecraft:crouch_one_cm":37229,"minecraft:interact_with_smoker":15,"minecraft:mob_kills":124,"minecraft:damage_dealt_resisted":589,"minecraft:climb_one_cm":322,"minecraft:walk_one_cm":1479292,"minecraft:sneak_time":11306,"minecraft:walk_under_water_one_cm":11081,"minecraft:boat_one_cm":14130,"minecraft:total_world_time":403176,"minecraft:interact_with_stonecutter":44,"minecraft:time_since_rest":50468,"minecraft:damage_taken":8745,"minecraft:trigger_trapped_chest":8,"minecraft:swim_one_cm":52997,"minecraft:fly_one_cm":1207446,"minecraft:open_chest":99,"minecraft:fall_one_cm":118252},"minecraft:dropped":{"minecraft:crafting_table":1,"minecraft:lantern":1,"minecraft:cracked_stone_bricks":1,"minecraft:dirt":1,"mcwroofs:stone_bricks_roof":1,"minecraft:cooked_cod":1,"minecraft:snowball":22,"minecraft:sand":1,"minecraft:armor_stand":1,"minecraft:sugar_cane":17,"mutantmonsters:mutant_skeleton_pelvis":1,"minecraft:birch_sapling":1,"minecraft:rotten_flesh":9,"minecraft:oak_planks":2,"iceandfire:ghost_chest":2,"iceandfire:armor_copper_metal_leggings":2,"minecraft:bread":72,"iceandfire:armor_copper_metal_chestplate":2,"minecraft:feather":6,"minecraft:apple":1,"minecraft:spruce_door":2,"minecraft:torch":1,"iceandfire:silver_sword":1,"alexsmobs:maggot":2,"minecraft:stone_sword":1,"minecraft:stone_shovel":1,"minecraft:white_carpet":2,"minecraft:stone":9,"minecraft:shield":1,"minecraft:spruce_trapdoor":1,"mutantmonsters:mutant_skeleton_limb":1,"minecraft:yellow_bed":1,"minecraft:stone_bricks":2,"minecraft:spider_eye":1,"minecraft:stone_pickaxe":1,"minecraft:wooden_pickaxe":1},"minecraft:killed_by":{"alexsmobs:tusklin":1,"iceandfire:ice_dragon":1,"iceandfire:dread_beast":1,"alexsmobs:bison":1,"iceandfire:dread_knight":2},"minecraft:picked_up":{"iceandfire:dread_stone_bricks":1,"mcwfurnitures:birch_counter":1,"iceandfire:armor_copper_metal_chestplate":1,"minecraft:string":1,"mcwroofs:stone_bricks_lower_roof":72,"minecraft:raw_copper":66,"minecraft:armor_stand":1,"steam_powered:tin_ingot":62,"minecraft:iron_leggings":1,"minecraft:spruce_planks":5,"steam_powered:raw_zinc":1,"minecraft:redstone_torch":1,"minecraft:furnace":11,"mcwpaths:stone_windmill_weave":148,"iceandfire:ghost_chest":2,"minecraft:stick":27,"minecraft:torch":6,"minecraft:porkchop":6,"mutantmonsters:mutant_skeleton_pelvis":1,"minecraft:rotten_flesh":37,"minecraft:cobblestone":1043,"minecraft:snowball":27,"minecraft:cod":2,"alexsmobs:lobster_tail":2,"minecraft:birch_log":98,"iceandfire:sapphire_gem":5,"minecraft:feather":6,"minecraft:birch_slab":9,"minecraft:smoker":1,"minecraft:potato":28,"minecraft:dirt":303,"minecraft:lantern":3,"minecraft:bone":14,"mcwroofs:stone_bricks_roof":12,"minecraft:stonecutter":2,"minecraft:wheat_seeds":4,"minecraft:mossy_stone_bricks":1,"minecraft:oak_planks":11,"mcwdoors:spruce_japanese_door":5,"mcwpaths:stone_crystal_floor":2,"minecraft:sand":263,"iceandfire:dread_stone_bricks_mossy":1,"minecraft:bread":9,"alexsmobs:maggot":2,"minecraft:oak_sapling":36,"mcwroofs:stone_bricks_top_roof":2,"iceandfire:raw_silver":21,"minecraft:crafting_table":9,"mcwroofs:stone_bricks_upper_lower_roof":120,"minecraft:shield":2,"minecraft:red_bed":7,"minecraft:white_carpet":2,"minecraft:cracked_stone_bricks":1,"minecraft:beef":8,"mcwwindows:stripped_oak_log_four_window":1,"minecraft:poppy":1,"minecraft:sugar_cane":53,"minecraft:birch_sapling":7,"minecraft:spruce_trapdoor":2,"minecraft:egg":1,"minecraft:raw_iron":11,"mcwpaths:stone_running_bond":1,"minecraft:stone":26,"minecraft:copper_ingot":20,"iceandfire:silver_ingot":10,"minecraft:arrow":9,"minecraft:hay_block":48,"minecraft:mutton":3,"minecraft:birch_planks":57,"minecraft:oak_log":63,"iceandfire:dread_stone_bricks_cracked":2,"minecraft:yellow_bed":1,"minecraft:gunpowder":6,"mcwwindows:oak_four_window":3,"mutantmonsters:mutant_skeleton_limb":1,"minecraft:apple":4,"minecraft:stone_bricks":25,"minecraft:kelp":150,"mcwdoors:birch_western_door":4,"minecraft:iron_ingot":27,"mcwtrpdoors:spruce_glass_trapdoor":1,"minecraft:sweet_berries":34,"minecraft:red_wool":2,"minecraft:spruce_log":34,"minecraft:spider_eye":2,"iceandfire:silver_sword":1,"steam_powered:raw_tin":53,"minecraft:black_wool":1,"minecraft:coal":408},"minecraft:broken":{"iceandfire:silver_pickaxe":3,"minecraft:stone_axe":1,"iceandfire:armor_silver_metal_chestplate":1,"iceandfire:armor_copper_metal_helmet":2,"minecraft:iron_pickaxe":1,"iceandfire:armor_copper_metal_boots":2},"minecraft:mined":{"minecraft:spruce_planks":5,"minecraft:spruce_trapdoor":1,"minecraft:grass_block":153,"mcwpaths:stone_windmill_weave":150,"mcwdoors:spruce_japanese_door":5,"minecraft:tall_seagrass":1,"minecraft:fire":8,"minecraft:iron_ore":11,"iceandfire:dread_stone_bricks_cracked":2,"mcwfurnitures:birch_counter":1,"mcwtrpdoors:spruce_glass_trapdoor":1,"minecraft:red_bed":6,"mcwroofs:stone_bricks_roof":12,"minecraft:kelp_plant":15,"minecraft:smoker":2,"mcwdoors:birch_western_door":4,"minecraft:torch":2,"iceandfire:ghost_chest":2,"iceandfire:sapphire_ore":5,"minecraft:sugar_cane":27,"minecraft:oak_planks":11,"minecraft:wall_torch":3,"minecraft:seagrass":1,"minecraft:birch_log":98,"minecraft:grass":12,"iceandfire:dread_stone_bricks_mossy":1,"minecraft:oak_log":63,"minecraft:sand":197,"minecraft:dirt":60,"minecraft:stonecutter":2,"minecraft:oak_leaves":1,"iceandfire:dread_stone_bricks":3,"iceandfire:silver_ore":23,"mcwpaths:stone_running_bond":1,"minecraft:glow_lichen":2,"minecraft:birch_slab":9,"minecraft:spruce_leaves":3,"steam_powered:tin_ore":53,"minecraft:large_fern":2,"minecraft:hay_block":50,"steam_powered:zinc_ore":1,"mcwwindows:stripped_oak_log_four_window":1,"mcwroofs:stone_bricks_lower_roof":74,"mcwwindows:oak_four_window":3,"minecraft:furnace":11,"minecraft:snow":4,"minecraft:potatoes":8,"minecraft:vine":1,"minecraft:lantern":2,"minecraft:packed_ice":1,"minecraft:stone":998,"minecraft:red_wool":2,"minecraft:brown_stained_glass_pane":1,"minecraft:snow_block":4,"minecraft:crafting_table":9,"mcwroofs:stone_bricks_top_roof":2,"mcwroofs:stone_bricks_upper_lower_roof":120,"minecraft:tall_grass":2,"minecraft:copper_ore":20,"minecraft:birch_planks":40,"minecraft:redstone_torch":1,"minecraft:sweet_berry_bush":2,"minecraft:white_carpet":3,"minecraft:spruce_log":33,"minecraft:birch_leaves":4,"minecraft:yellow_bed":2,"minecraft:coal_ore":201,"mcwpaths:stone_crystal_floor":1,"minecraft:cracked_stone_bricks":1,"minecraft:stone_bricks":14,"minecraft:mossy_stone_bricks":1},"minecraft:used":{"minecraft:chest":5,"minecraft:shield":23,"minecraft:iron_sword":178,"minecraft:rotten_flesh":8,"mcwwindows:oak_four_window":71,"minecraft:spruce_boat":1,"mcwroofs:stone_bricks_upper_lower_roof":325,"minecraft:lantern":1,"minecraft:birch_sapling":3,"alexsmobs:cooked_lobster_tail":2,"mcwroofs:stone_bricks_roof":12,"mcwfurnitures:birch_coffee_table":8,"minecraft:stone_bricks":11,"minecraft:sweet_berries":31,"minecraft:furnace":12,"minecraft:cooked_cod":1,"minecraft:potato":19,"minecraft:spruce_door":1,"mcwpaths:stone_windmill_weave":456,"minecraft:stone_pickaxe":87,"minecraft:oak_planks":9,"minecraft:wooden_pickaxe":8,"minecraft:sugar_cane":9,"minecraft:sand":61,"mcwdoors:spruce_japanese_door":5,"mcwpaths:stone_crystal_floor":1,"iceandfire:silver_axe":241,"iceandfire:silver_pickaxe":1379,"minecraft:birch_slab":193,"minecraft:bread":87,"mcwdoors:birch_western_door":4,"minecraft:stone_sword":54,"iceandfire:silver_sword":524,"minecraft:stone_shovel":32,"minecraft:stone_hoe":15,"minecraft:torch":36,"minecraft:dirt":76,"mcwtrpdoors:spruce_glass_trapdoor":17,"iceandfire:dread_queen_sword":128,"minecraft:cooked_beef":7,"mcwpaths:stone_running_bond":1,"minecraft:cooked_mutton":3,"mcwfurnitures:birch_counter":1,"mcwdoors:birch_japanese_door":7,"minecraft:birch_planks":40,"minecraft:baked_potato":18,"minecraft:stonecutter":2,"minecraft:crafting_table":13,"minecraft:red_bed":7,"iceandfire:dread_stone_bricks_mossy":1,"minecraft:smoker":2,"mcwwindows:stripped_oak_log_four_window":1,"mcwbridges:stone_brick_bridge_stair":2,"minecraft:apple":12,"minecraft:iron_pickaxe":251,"mcwroofs:stone_bricks_top_roof":2,"mcwroofs:stone_bricks_lower_roof":195,"minecraft:stone_axe":110,"minecraft:cobblestone":4,"minecraft:cooked_porkchop":6,"alexsmobs:animal_dictionary":3,"iceandfire:silver_shovel":388}},"DataVersion":3465}