{"stats":{"minecraft:killed":{"duckensinvasion:footsoldier_duck":4,"alexsmobs:seagull":1,"enemyexpansion:direwolf":2,"minecraft:skeleton":2,"minecraft:zombie":2,"creepycreepers:snowy_creeper":1,"enemyexpansion:huntsman":1,"duckensinvasion:archer_duck":1,"alexsmobs:bison":1,"alexsmobs:tusklin":1},"minecraft:crafted":{"minecraft:cooked_beef":7,"minecraft:stone_shovel":1,"iceandfire:silver_ingot":13,"minecraft:crafting_table":2,"minecraft:spruce_planks":136,"minecraft:wooden_pickaxe":1,"minecraft:spruce_door":3,"minecraft:furnace":1,"iceandfire:armor_copper_metal_leggings":1,"minecraft:copper_ingot":33,"steam_powered:tin_ingot":28,"minecraft:stone_axe":1,"iceandfire:armor_copper_metal_helmet":1,"minecraft:bread":87,"minecraft:air":0,"iceandfire:armor_copper_metal_boots":1,"minecraft:stick":16,"minecraft:iron_ingot":8,"iceandfire:armor_copper_metal_chestplate":1,"minecraft:iron_pickaxe":1,"minecraft:stone_pickaxe":1,"minecraft:stone_sword":1,"minecraft:torch":12,"iceandfire:silver_sword":1,"minecraft:wheat":261},"minecraft:custom":{"minecraft:interact_with_furnace":45,"minecraft:mob_kills":17,"minecraft:interact_with_crafting_table":23,"minecraft:time_since_death":14733,"minecraft:sleep_in_bed":2,"minecraft:time_since_rest":11692,"minecraft:sprint_one_cm":65117,"minecraft:damage_taken":1243,"minecraft:walk_one_cm":153678,"minecraft:drop":8,"minecraft:damage_dealt":3412,"minecraft:talked_to_villager":1,"minecraft:fly_one_cm":93210,"minecraft:crouch_one_cm":76,"minecraft:play_time":45915,"minecraft:deaths":2,"minecraft:sneak_time":32,"minecraft:walk_under_water_one_cm":363,"minecraft:jump":602,"minecraft:walk_on_water_one_cm":5596,"minecraft:total_world_time":45915,"minecraft:fall_one_cm":14310},"minecraft:dropped":{"minecraft:bread":60,"minecraft:stone_sword":1,"minecraft:white_carpet":2},"minecraft:killed_by":{"alexsmobs:bison":1,"alexsmobs:tusklin":1},"minecraft:picked_up":{"iceandfire:sapphire_gem":2,"minecraft:crafting_table":2,"minecraft:dirt":1,"minecraft:red_bed":2,"minecraft:raw_copper":53,"steam_powered:tin_ingot":2,"minecraft:white_carpet":2,"minecraft:bone":4,"minecraft:beef":8,"minecraft:redstone_torch":1,"minecraft:furnace":4,"minecraft:stick":2,"minecraft:raw_iron":8,"minecraft:torch":1,"minecraft:porkchop":5,"minecraft:sand":22,"minecraft:spruce_log":34,"minecraft:arrow":4,"minecraft:rotten_flesh":6,"steam_powered:raw_tin":43,"minecraft:hay_block":29,"duckensinvasion:duck_feather":3,"minecraft:bread":8,"minecraft:snowball":1,"minecraft:coal":109,"minecraft:cobblestone":96,"iceandfire:raw_silver":13},"minecraft:mined":{"iceandfire:silver_ore":13,"minecraft:red_bed":2,"minecraft:glow_lichen":1,"minecraft:crafting_table":2,"minecraft:torch":1,"minecraft:grass_block":1,"iceandfire:sapphire_ore":2,"minecraft:copper_ore":16,"minecraft:spruce_leaves":2,"steam_powered:tin_ore":43,"minecraft:wall_torch":2,"minecraft:hay_block":29,"minecraft:furnace":4,"minecraft:redstone_torch":1,"minecraft:iron_ore":8,"minecraft:white_carpet":2,"minecraft:spruce_log":33,"minecraft:grass":1,"minecraft:coal_ore":70,"minecraft:sand":22,"minecraft:stone":96},"minecraft:used":{"minecraft:stone_sword":54,"iceandfire:silver_sword":25,"minecraft:spruce_door":1,"minecraft:stone_shovel":23,"minecraft:stone_pickaxe":87,"minecraft:wooden_pickaxe":8,"minecraft:torch":13,"minecraft:crafting_table":4,"minecraft:red_bed":2,"minecraft:bread":5,"minecraft:iron_pickaxe":163,"minecraft:stone_axe":59,"minecraft:cobblestone":4,"minecraft:furnace":5,"alexsmobs:animal_dictionary":1,"minecraft:cooked_beef":5}},"DataVersion":3465}