{"stats":{"minecraft:killed":{"duckensinvasion:footsoldier_duck":4,"minecraft:pig":1,"alexsmobs:seagull":1,"enemyexpansion:direwolf":5,"duckensinvasion:raptor_duck":1,"duckensinvasion:greatsword_duck":1,"minecraft:skeleton":2,"iceandfire:ghost":7,"duckensinvasion:armoured_duck":1,"minecraft:zombie":2,"creepycreepers:snowy_creeper":1,"enemyexpansion:huntsman":1,"duckensinvasion:archer_duck":2,"alexsmobs:bison":1,"alexsmobs:tusklin":1},"minecraft:crafted":{"minecraft:cooked_beef":7,"minecraft:stone_shovel":1,"minecraft:cooked_porkchop":6,"iceandfire:silver_ingot":13,"minecraft:crafting_table":2,"minecraft:spruce_planks":136,"minecraft:wooden_pickaxe":1,"minecraft:spruce_door":3,"minecraft:furnace":1,"iceandfire:armor_copper_metal_leggings":1,"minecraft:copper_ingot":33,"steam_powered:tin_ingot":28,"minecraft:stone_axe":1,"iceandfire:armor_copper_metal_helmet":1,"minecraft:bread":87,"minecraft:air":0,"iceandfire:armor_copper_metal_boots":1,"iceandfire:armor_silver_metal_chestplate":1,"minecraft:shield":1,"minecraft:stick":16,"minecraft:iron_ingot":8,"iceandfire:armor_copper_metal_chestplate":1,"minecraft:iron_pickaxe":1,"minecraft:stone_pickaxe":1,"minecraft:stone_sword":1,"minecraft:chest":2,"minecraft:torch":24,"iceandfire:silver_sword":1,"minecraft:wheat":261},"minecraft:custom":{"minecraft:interact_with_furnace":54,"minecraft:mob_kills":35,"minecraft:interact_with_crafting_table":26,"minecraft:time_since_death":38733,"minecraft:sleep_in_bed":3,"minecraft:climb_one_cm":322,"minecraft:time_since_rest":6983,"minecraft:sprint_one_cm":123040,"minecraft:damage_taken":1949,"minecraft:walk_one_cm":238702,"minecraft:damage_blocked_by_shield":90,"minecraft:trigger_trapped_chest":7,"minecraft:drop":10,"minecraft:damage_dealt":7479,"minecraft:talked_to_villager":3,"minecraft:fly_one_cm":212068,"minecraft:open_chest":3,"minecraft:crouch_one_cm":148,"minecraft:play_time":69915,"minecraft:deaths":2,"minecraft:sneak_time":41,"minecraft:walk_under_water_one_cm":363,"minecraft:jump":1090,"minecraft:walk_on_water_one_cm":5596,"minecraft:total_world_time":69915,"minecraft:fall_one_cm":25907},"minecraft:dropped":{"minecraft:bread":60,"minecraft:sugar_cane":2,"minecraft:stone_sword":1,"iceandfire:armor_copper_metal_chestplate":1,"minecraft:white_carpet":2},"minecraft:killed_by":{"alexsmobs:bison":1,"alexsmobs:tusklin":1},"minecraft:picked_up":{"iceandfire:sapphire_gem":5,"minecraft:crafting_table":4,"minecraft:dirt":2,"minecraft:red_bed":4,"minecraft:raw_copper":53,"steam_powered:tin_ingot":15,"minecraft:white_carpet":2,"minecraft:bone":6,"steam_powered:raw_zinc":1,"minecraft:iron_ingot":1,"minecraft:beef":8,"minecraft:redstone_torch":1,"minecraft:sugar_cane":2,"minecraft:furnace":7,"minecraft:stick":2,"minecraft:raw_iron":8,"minecraft:copper_ingot":20,"minecraft:torch":2,"minecraft:porkchop":6,"minecraft:sand":22,"minecraft:spruce_log":34,"minecraft:arrow":5,"minecraft:rotten_flesh":6,"steam_powered:raw_tin":43,"minecraft:hay_block":34,"duckensinvasion:duck_feather":4,"minecraft:bread":8,"minecraft:snowball":5,"minecraft:coal":182,"minecraft:cobblestone":117,"iceandfire:raw_silver":14},"minecraft:mined":{"iceandfire:silver_ore":16,"minecraft:red_bed":4,"minecraft:snow_block":1,"minecraft:glow_lichen":1,"minecraft:crafting_table":4,"minecraft:torch":1,"minecraft:grass_block":1,"iceandfire:sapphire_ore":5,"minecraft:tall_grass":2,"minecraft:copper_ore":16,"minecraft:spruce_leaves":2,"steam_powered:tin_ore":43,"minecraft:wall_torch":3,"steam_powered:zinc_ore":1,"minecraft:hay_block":34,"minecraft:furnace":7,"minecraft:redstone_torch":1,"minecraft:iron_ore":8,"minecraft:white_carpet":2,"minecraft:spruce_log":33,"minecraft:grass":2,"minecraft:coal_ore":104,"minecraft:vine":1,"minecraft:sand":22,"minecraft:dirt":1,"minecraft:stone":117},"minecraft:used":{"minecraft:stone_sword":54,"iceandfire:silver_sword":111,"minecraft:spruce_door":1,"minecraft:stone_shovel":25,"minecraft:stone_pickaxe":87,"minecraft:chest":2,"minecraft:shield":3,"minecraft:wooden_pickaxe":8,"minecraft:torch":15,"minecraft:crafting_table":6,"minecraft:red_bed":4,"minecraft:bread":12,"minecraft:iron_pickaxe":228,"minecraft:stone_axe":70,"minecraft:cobblestone":4,"minecraft:furnace":8,"minecraft:cooked_porkchop":3,"alexsmobs:animal_dictionary":3,"minecraft:cooked_beef":7}},"DataVersion":3465}