{"stats":{"minecraft:mined":{"minecraft:spruce_planks":5,"iceandfire:silver_ore":22,"minecraft:glow_lichen":2,"minecraft:spruce_trapdoor":1,"minecraft:grass_block":9,"minecraft:spruce_leaves":3,"steam_powered:tin_ore":47,"minecraft:large_fern":2,"minecraft:hay_block":50,"steam_powered:zinc_ore":1,"minecraft:furnace":9,"minecraft:iron_ore":8,"minecraft:fire":8,"minecraft:snow":4,"minecraft:vine":1,"minecraft:lantern":2,"minecraft:packed_ice":1,"iceandfire:dread_stone_bricks_cracked":2,"minecraft:stone":213,"minecraft:red_wool":2,"minecraft:red_bed":5,"minecraft:smoker":2,"minecraft:brown_stained_glass_pane":1,"minecraft:snow_block":4,"minecraft:crafting_table":6,"minecraft:torch":1,"iceandfire:sapphire_ore":5,"minecraft:tall_grass":2,"minecraft:copper_ore":16,"minecraft:oak_planks":2,"minecraft:wall_torch":3,"minecraft:redstone_torch":1,"minecraft:white_carpet":3,"minecraft:spruce_log":33,"minecraft:yellow_bed":2,"minecraft:grass":4,"iceandfire:dread_stone_bricks_mossy":1,"minecraft:oak_log":6,"minecraft:coal_ore":166,"minecraft:sand":22,"minecraft:dirt":8,"minecraft:cracked_stone_bricks":1,"minecraft:stonecutter":2,"minecraft:stone_bricks":3,"minecraft:mossy_stone_bricks":1,"iceandfire:dread_stone_bricks":3},"minecraft:killed":{"minecraft:spider":1,"alexsmobs:snow_leopard":1,"iceandfire:dread_beast":1,"alexsmobs:seagull":1,"enemyexpansion:direwolf":8,"minecraft:skeleton":2,"iceandfire:dread_knight":2,"alexsmobs:bison":1,"alexsmobs:tusklin":1,"minecraft:pig":1,"alexsmobs:grizzly_bear":1,"minecraft:iron_golem":1,"enemyexpansion:sprinter":1,"minecraft:zombie":6,"iceandfire:ghost":7,"creepycreepers:snowy_creeper":1,"enemyexpansion:huntsman":2,"alexsmobs:crow":1},"minecraft:dropped":{"minecraft:bread":72,"iceandfire:armor_copper_metal_chestplate":2,"minecraft:feather":4,"minecraft:lantern":1,"minecraft:cracked_stone_bricks":1,"minecraft:spruce_door":2,"minecraft:dirt":1,"iceandfire:silver_sword":1,"minecraft:snowball":11,"minecraft:armor_stand":1,"minecraft:sugar_cane":2,"minecraft:stone_sword":1,"minecraft:stone_shovel":1,"minecraft:white_carpet":2,"minecraft:rotten_flesh":9,"minecraft:oak_planks":2,"minecraft:stone":9,"minecraft:spruce_trapdoor":1,"minecraft:yellow_bed":1,"minecraft:stone_bricks":2,"minecraft:spider_eye":1,"minecraft:wooden_pickaxe":1,"minecraft:stone_pickaxe":1,"iceandfire:armor_copper_metal_leggings":2},"minecraft:picked_up":{"iceandfire:dread_stone_bricks":1,"minecraft:crafting_table":6,"iceandfire:armor_copper_metal_chestplate":1,"minecraft:shield":1,"minecraft:red_bed":5,"minecraft:string":1,"minecraft:raw_copper":53,"minecraft:iron_leggings":1,"steam_powered:tin_ingot":15,"minecraft:armor_stand":1,"minecraft:white_carpet":2,"minecraft:cracked_stone_bricks":1,"minecraft:spruce_planks":5,"minecraft:beef":8,"steam_powered:raw_zinc":1,"minecraft:redstone_torch":1,"minecraft:poppy":1,"minecraft:sugar_cane":2,"minecraft:spruce_trapdoor":2,"minecraft:furnace":9,"minecraft:egg":1,"minecraft:stick":3,"minecraft:raw_iron":8,"minecraft:stone":15,"minecraft:copper_ingot":20,"minecraft:torch":3,"minecraft:porkchop":6,"minecraft:arrow":8,"minecraft:rotten_flesh":20,"minecraft:hay_block":48,"minecraft:mutton":3,"minecraft:snowball":27,"minecraft:cobblestone":268,"iceandfire:sapphire_gem":5,"minecraft:feather":6,"minecraft:smoker":1,"minecraft:oak_log":6,"iceandfire:dread_stone_bricks_cracked":2,"minecraft:yellow_bed":1,"minecraft:dirt":21,"minecraft:lantern":3,"minecraft:bone":12,"minecraft:stone_bricks":2,"minecraft:stonecutter":2,"minecraft:iron_ingot":10,"minecraft:mossy_stone_bricks":1,"minecraft:oak_planks":2,"minecraft:sweet_berries":26,"minecraft:red_wool":2,"minecraft:sand":22,"minecraft:spruce_log":34,"minecraft:spider_eye":1,"iceandfire:silver_sword":1,"iceandfire:dread_stone_bricks_mossy":1,"steam_powered:raw_tin":47,"minecraft:bread":9,"minecraft:black_wool":1,"minecraft:coal":346,"iceandfire:raw_silver":20},"minecraft:broken":{"minecraft:stone_axe":1,"minecraft:iron_pickaxe":1,"iceandfire:armor_copper_metal_boots":1,"iceandfire:armor_copper_metal_helmet":1},"minecraft:killed_by":{"iceandfire:dread_beast":1,"alexsmobs:bison":1,"alexsmobs:tusklin":1,"iceandfire:dread_knight":2,"iceandfire:ice_dragon":1},"minecraft:used":{"minecraft:stone_sword":54,"iceandfire:silver_sword":423,"minecraft:stone_shovel":32,"minecraft:chest":2,"minecraft:shield":19,"minecraft:iron_sword":178,"minecraft:rotten_flesh":3,"minecraft:torch":27,"minecraft:lantern":1,"minecraft:sweet_berries":22,"minecraft:furnace":8,"minecraft:cooked_beef":7,"minecraft:cooked_mutton":3,"minecraft:spruce_door":1,"minecraft:stone_pickaxe":87,"minecraft:wooden_pickaxe":8,"minecraft:stonecutter":1,"minecraft:sand":1,"minecraft:crafting_table":9,"minecraft:red_bed":4,"iceandfire:dread_stone_bricks_mossy":1,"iceandfire:silver_axe":2,"minecraft:smoker":1,"iceandfire:silver_pickaxe":171,"minecraft:iron_pickaxe":251,"minecraft:bread":81,"minecraft:stone_axe":110,"minecraft:cobblestone":4,"minecraft:cooked_porkchop":6,"alexsmobs:animal_dictionary":3,"iceandfire:silver_shovel":16},"minecraft:crafted":{"minecraft:stone_shovel":1,"iceandfire:silver_shovel":1,"minecraft:furnace":1,"iceandfire:armor_copper_metal_leggings":2,"minecraft:stone":67,"iceandfire:armor_copper_metal_boots":2,"minecraft:cooked_mutton":3,"iceandfire:armor_copper_metal_helmet":2,"iceandfire:armor_silver_metal_chestplate":1,"minecraft:stone_pickaxe":1,"iceandfire:armor_copper_metal_chestplate":1,"minecraft:chest":2,"minecraft:wheat":432,"iceandfire:silver_axe":1,"minecraft:cooked_beef":7,"iceandfire:silver_ingot":20,"minecraft:cooked_porkchop":6,"minecraft:crafting_table":5,"minecraft:spruce_planks":136,"minecraft:wooden_pickaxe":1,"minecraft:iron_sword":1,"minecraft:spruce_door":3,"minecraft:copper_ingot":33,"steam_powered:tin_ingot":32,"minecraft:stone_axe":1,"minecraft:bread":144,"minecraft:air":0,"minecraft:shield":1,"minecraft:stick":24,"minecraft:iron_ingot":8,"minecraft:iron_pickaxe":1,"minecraft:stone_sword":1,"minecraft:torch":24,"iceandfire:silver_pickaxe":1,"iceandfire:silver_sword":1},"minecraft:custom":{"minecraft:mob_kills":93,"minecraft:interact_with_crafting_table":44,"minecraft:open_barrel":4,"minecraft:damage_dealt_resisted":589,"minecraft:leave_game":3,"minecraft:time_since_death":5352,"minecraft:climb_one_cm":322,"minecraft:sprint_one_cm":499655,"minecraft:walk_one_cm":591375,"minecraft:damage_blocked_by_shield":785,"minecraft:drop":34,"minecraft:talked_to_villager":8,"minecraft:play_time":167263,"minecraft:deaths":8,"minecraft:sneak_time":122,"minecraft:walk_under_water_one_cm":1464,"minecraft:jump":3538,"minecraft:walk_on_water_one_cm":8475,"minecraft:total_world_time":167263,"minecraft:interact_with_furnace":77,"minecraft:interact_with_cartography_table":1,"minecraft:interact_with_stonecutter":9,"minecraft:sleep_in_bed":5,"minecraft:time_since_rest":5500,"minecraft:damage_taken":7207,"minecraft:trigger_trapped_chest":7,"minecraft:damage_dealt":22744,"minecraft:swim_one_cm":1331,"minecraft:fly_one_cm":864649,"minecraft:open_chest":43,"minecraft:crouch_one_cm":354,"minecraft:interact_with_smoker":2,"minecraft:fall_one_cm":88869}},"DataVersion":3465}