{"stats":{"minecraft:killed":{"alexsmobs:bison":1},"minecraft:crafted":{"minecraft:stone_sword":1,"minecraft:stone_shovel":1,"minecraft:stone_axe":1,"minecraft:crafting_table":1,"minecraft:spruce_planks":24,"minecraft:stick":12,"minecraft:wooden_pickaxe":1,"minecraft:stone_pickaxe":1},"minecraft:custom":{"minecraft:time_since_rest":4331,"minecraft:deaths":1,"minecraft:play_time":9915,"minecraft:sprint_one_cm":21477,"minecraft:damage_taken":360,"minecraft:walk_one_cm":42362,"minecraft:mob_kills":1,"minecraft:drop":1,"minecraft:jump":217,"minecraft:damage_dealt":290,"minecraft:time_since_death":4275,"minecraft:total_world_time":9915,"minecraft:talked_to_villager":1,"minecraft:fall_one_cm":7825,"minecraft:interact_with_crafting_table":4,"minecraft:fly_one_cm":43433},"minecraft:dropped":{"minecraft:bread":1},"minecraft:killed_by":{"alexsmobs:bison":1},"minecraft:picked_up":{"minecraft:stick":2,"minecraft:crafting_table":1,"minecraft:hay_block":29,"minecraft:beef":7,"minecraft:bread":8,"minecraft:spruce_log":7,"minecraft:coal":20,"minecraft:cobblestone":30},"minecraft:mined":{"minecraft:hay_block":29,"minecraft:coal_ore":20,"minecraft:spruce_log":6,"minecraft:stone":30,"minecraft:crafting_table":1},"minecraft:used":{"minecraft:stone_axe":29,"minecraft:stone_sword":6,"minecraft:crafting_table":2,"minecraft:bread":1,"minecraft:stone_pickaxe":42,"alexsmobs:animal_dictionary":1,"minecraft:wooden_pickaxe":8}},"DataVersion":3465}