{"stats":{"minecraft:killed":{"duckensinvasion:footsoldier_duck":4,"minecraft:pig":1,"alexsmobs:seagull":1,"enemyexpansion:direwolf":2,"duckensinvasion:raptor_duck":1,"duckensinvasion:greatsword_duck":1,"minecraft:skeleton":2,"iceandfire:ghost":7,"duckensinvasion:armoured_duck":1,"minecraft:zombie":2,"creepycreepers:snowy_creeper":1,"enemyexpansion:huntsman":1,"duckensinvasion:archer_duck":2,"alexsmobs:bison":1,"alexsmobs:tusklin":1},"minecraft:crafted":{"minecraft:cooked_beef":7,"minecraft:stone_shovel":1,"minecraft:cooked_porkchop":6,"iceandfire:silver_ingot":13,"minecraft:crafting_table":2,"minecraft:spruce_planks":136,"minecraft:wooden_pickaxe":1,"minecraft:spruce_door":3,"minecraft:furnace":1,"iceandfire:armor_copper_metal_leggings":1,"minecraft:copper_ingot":33,"steam_powered:tin_ingot":28,"minecraft:stone_axe":1,"iceandfire:armor_copper_metal_helmet":1,"minecraft:bread":87,"minecraft:air":0,"iceandfire:armor_copper_metal_boots":1,"minecraft:shield":1,"minecraft:stick":16,"minecraft:iron_ingot":8,"iceandfire:armor_copper_metal_chestplate":1,"minecraft:iron_pickaxe":1,"minecraft:stone_pickaxe":1,"minecraft:stone_sword":1,"minecraft:torch":12,"iceandfire:silver_sword":1,"minecraft:wheat":261},"minecraft:custom":{"minecraft:interact_with_furnace":49,"minecraft:mob_kills":29,"minecraft:interact_with_crafting_table":24,"minecraft:time_since_death":26733,"minecraft:sleep_in_bed":2,"minecraft:climb_one_cm":322,"minecraft:time_since_rest":23692,"minecraft:sprint_one_cm":106743,"minecraft:damage_taken":1893,"minecraft:walk_one_cm":209368,"minecraft:trigger_trapped_chest":7,"minecraft:drop":8,"minecraft:damage_dealt":6309,"minecraft:talked_to_villager":3,"minecraft:fly_one_cm":190932,"minecraft:crouch_one_cm":148,"minecraft:play_time":57915,"minecraft:deaths":2,"minecraft:sneak_time":41,"minecraft:walk_under_water_one_cm":363,"minecraft:jump":964,"minecraft:walk_on_water_one_cm":5596,"minecraft:total_world_time":57915,"minecraft:fall_one_cm":22815},"minecraft:dropped":{"minecraft:bread":60,"minecraft:stone_sword":1,"minecraft:white_carpet":2},"minecraft:killed_by":{"alexsmobs:bison":1,"alexsmobs:tusklin":1},"minecraft:picked_up":{"iceandfire:sapphire_gem":2,"minecraft:crafting_table":4,"minecraft:dirt":1,"minecraft:red_bed":4,"minecraft:raw_copper":53,"steam_powered:tin_ingot":15,"minecraft:white_carpet":2,"minecraft:bone":4,"minecraft:iron_ingot":1,"minecraft:beef":8,"minecraft:redstone_torch":1,"minecraft:sugar_cane":2,"minecraft:furnace":7,"minecraft:stick":2,"minecraft:raw_iron":8,"minecraft:copper_ingot":20,"minecraft:torch":2,"minecraft:porkchop":6,"minecraft:sand":22,"minecraft:spruce_log":34,"minecraft:arrow":4,"minecraft:rotten_flesh":6,"steam_powered:raw_tin":43,"minecraft:hay_block":34,"duckensinvasion:duck_feather":4,"minecraft:bread":8,"minecraft:snowball":1,"minecraft:coal":149,"minecraft:cobblestone":99,"iceandfire:raw_silver":13},"minecraft:mined":{"iceandfire:silver_ore":15,"minecraft:red_bed":4,"minecraft:glow_lichen":1,"minecraft:crafting_table":4,"minecraft:torch":1,"minecraft:grass_block":1,"iceandfire:sapphire_ore":2,"minecraft:tall_grass":2,"minecraft:copper_ore":16,"minecraft:spruce_leaves":2,"steam_powered:tin_ore":43,"minecraft:wall_torch":3,"minecraft:hay_block":34,"minecraft:furnace":7,"minecraft:redstone_torch":1,"minecraft:iron_ore":8,"minecraft:white_carpet":2,"minecraft:spruce_log":33,"minecraft:grass":2,"minecraft:coal_ore":71,"minecraft:vine":1,"minecraft:sand":22,"minecraft:stone":99},"minecraft:used":{"minecraft:stone_sword":54,"iceandfire:silver_sword":89,"minecraft:spruce_door":1,"minecraft:stone_shovel":23,"minecraft:stone_pickaxe":87,"minecraft:wooden_pickaxe":8,"minecraft:torch":13,"minecraft:crafting_table":5,"minecraft:red_bed":3,"minecraft:bread":10,"minecraft:iron_pickaxe":172,"minecraft:stone_axe":70,"minecraft:cobblestone":4,"minecraft:furnace":6,"minecraft:cooked_porkchop":3,"alexsmobs:animal_dictionary":2,"minecraft:cooked_beef":7}},"DataVersion":3465}