{"stats":{"minecraft:mined":{"minecraft:spruce_planks":5,"iceandfire:silver_ore":22,"mcwpaths:stone_running_bond":1,"minecraft:glow_lichen":2,"minecraft:spruce_trapdoor":1,"minecraft:grass_block":147,"minecraft:birch_slab":5,"mcwpaths:stone_windmill_weave":18,"minecraft:spruce_leaves":3,"steam_powered:tin_ore":47,"minecraft:large_fern":2,"minecraft:hay_block":50,"steam_powered:zinc_ore":1,"mcwdoors:spruce_japanese_door":1,"minecraft:furnace":9,"minecraft:iron_ore":8,"minecraft:fire":8,"minecraft:snow":4,"minecraft:vine":1,"minecraft:lantern":2,"minecraft:packed_ice":1,"iceandfire:dread_stone_bricks_cracked":2,"minecraft:stone":265,"minecraft:red_wool":2,"minecraft:red_bed":5,"minecraft:smoker":2,"minecraft:brown_stained_glass_pane":1,"minecraft:snow_block":4,"minecraft:crafting_table":8,"minecraft:torch":1,"iceandfire:sapphire_ore":5,"minecraft:tall_grass":2,"minecraft:copper_ore":16,"minecraft:sugar_cane":9,"minecraft:oak_planks":2,"minecraft:wall_torch":3,"minecraft:birch_log":34,"minecraft:redstone_torch":1,"minecraft:white_carpet":3,"minecraft:spruce_log":33,"minecraft:birch_leaves":1,"minecraft:yellow_bed":2,"minecraft:grass":12,"iceandfire:dread_stone_bricks_mossy":1,"minecraft:oak_log":39,"minecraft:coal_ore":186,"minecraft:sand":125,"minecraft:dirt":53,"mcwpaths:stone_crystal_floor":1,"minecraft:cracked_stone_bricks":1,"minecraft:stonecutter":2,"minecraft:stone_bricks":3,"minecraft:mossy_stone_bricks":1,"minecraft:oak_leaves":1,"iceandfire:dread_stone_bricks":3},"minecraft:killed":{"minecraft:spider":1,"alexsmobs:snow_leopard":1,"iceandfire:dread_beast":1,"alexsmobs:seagull":1,"enemyexpansion:direwolf":8,"minecraft:skeleton":2,"iceandfire:dread_knight":2,"alexsmobs:bison":1,"alexsmobs:tusklin":1,"minecraft:pig":1,"alexsmobs:grizzly_bear":1,"alexsmobs:seal":2,"minecraft:iron_golem":1,"enemyexpansion:sprinter":1,"minecraft:zombie":6,"iceandfire:ghost":7,"creepycreepers:snowy_creeper":1,"enemyexpansion:huntsman":2,"alexsmobs:crow":1},"minecraft:dropped":{"minecraft:bread":72,"minecraft:crafting_table":1,"iceandfire:armor_copper_metal_chestplate":2,"minecraft:feather":6,"minecraft:lantern":1,"minecraft:cracked_stone_bricks":1,"minecraft:spruce_door":2,"minecraft:dirt":1,"iceandfire:silver_sword":1,"minecraft:snowball":22,"minecraft:armor_stand":1,"minecraft:sugar_cane":2,"minecraft:stone_sword":1,"minecraft:stone_shovel":1,"minecraft:white_carpet":2,"minecraft:rotten_flesh":9,"minecraft:oak_planks":2,"minecraft:stone":9,"minecraft:spruce_trapdoor":1,"minecraft:yellow_bed":1,"minecraft:stone_bricks":2,"minecraft:spider_eye":1,"minecraft:wooden_pickaxe":1,"minecraft:stone_pickaxe":1,"iceandfire:armor_copper_metal_leggings":2},"minecraft:picked_up":{"iceandfire:dread_stone_bricks":1,"minecraft:crafting_table":8,"iceandfire:armor_copper_metal_chestplate":1,"minecraft:shield":1,"minecraft:red_bed":5,"minecraft:string":1,"minecraft:raw_copper":53,"minecraft:iron_leggings":1,"steam_powered:tin_ingot":15,"minecraft:armor_stand":1,"minecraft:white_carpet":2,"minecraft:cracked_stone_bricks":1,"minecraft:spruce_planks":5,"minecraft:beef":8,"steam_powered:raw_zinc":1,"minecraft:redstone_torch":1,"minecraft:poppy":1,"minecraft:sugar_cane":23,"minecraft:birch_sapling":4,"minecraft:spruce_trapdoor":2,"mcwpaths:stone_windmill_weave":18,"minecraft:furnace":9,"minecraft:egg":1,"minecraft:stick":20,"minecraft:raw_iron":8,"minecraft:stone":15,"mcwpaths:stone_running_bond":1,"minecraft:copper_ingot":20,"minecraft:torch":3,"minecraft:porkchop":6,"minecraft:arrow":8,"minecraft:rotten_flesh":26,"minecraft:hay_block":48,"minecraft:mutton":3,"minecraft:snowball":27,"minecraft:cobblestone":320,"minecraft:birch_log":34,"iceandfire:sapphire_gem":5,"minecraft:feather":6,"minecraft:birch_slab":5,"minecraft:smoker":1,"minecraft:oak_log":39,"iceandfire:dread_stone_bricks_cracked":2,"minecraft:yellow_bed":1,"minecraft:dirt":204,"minecraft:lantern":3,"minecraft:bone":12,"minecraft:stone_bricks":2,"minecraft:wheat_seeds":2,"minecraft:stonecutter":2,"minecraft:iron_ingot":10,"minecraft:mossy_stone_bricks":1,"minecraft:oak_planks":2,"mcwdoors:spruce_japanese_door":1,"mcwpaths:stone_crystal_floor":1,"minecraft:sweet_berries":26,"minecraft:red_wool":2,"minecraft:sand":125,"minecraft:spruce_log":34,"minecraft:spider_eye":1,"iceandfire:silver_sword":1,"iceandfire:dread_stone_bricks_mossy":1,"steam_powered:raw_tin":47,"minecraft:bread":9,"minecraft:oak_sapling":12,"minecraft:black_wool":1,"minecraft:coal":366,"iceandfire:raw_silver":20},"minecraft:broken":{"minecraft:stone_axe":1,"minecraft:iron_pickaxe":1,"iceandfire:armor_copper_metal_boots":1,"iceandfire:armor_copper_metal_helmet":2},"minecraft:killed_by":{"iceandfire:dread_beast":1,"alexsmobs:bison":1,"alexsmobs:tusklin":1,"iceandfire:dread_knight":2,"iceandfire:ice_dragon":1},"minecraft:used":{"minecraft:stone_sword":54,"iceandfire:silver_sword":444,"minecraft:stone_shovel":32,"minecraft:chest":4,"minecraft:shield":19,"minecraft:iron_sword":178,"minecraft:rotten_flesh":3,"minecraft:torch":27,"minecraft:spruce_boat":1,"minecraft:lantern":1,"minecraft:birch_sapling":1,"minecraft:sweet_berries":22,"minecraft:furnace":10,"minecraft:cooked_beef":7,"mcwpaths:stone_running_bond":1,"minecraft:cooked_mutton":3,"minecraft:spruce_door":1,"mcwpaths:stone_windmill_weave":129,"minecraft:stone_pickaxe":87,"minecraft:wooden_pickaxe":8,"minecraft:stonecutter":2,"mcwdoors:spruce_japanese_door":3,"minecraft:sand":29,"minecraft:crafting_table":12,"minecraft:red_bed":5,"iceandfire:dread_stone_bricks_mossy":1,"mcwpaths:stone_crystal_floor":1,"iceandfire:silver_axe":79,"minecraft:smoker":1,"iceandfire:silver_pickaxe":264,"mcwbridges:stone_brick_bridge_stair":2,"minecraft:birch_slab":117,"minecraft:iron_pickaxe":251,"minecraft:bread":86,"minecraft:stone_axe":110,"minecraft:cobblestone":4,"minecraft:cooked_porkchop":6,"alexsmobs:animal_dictionary":3,"iceandfire:silver_shovel":303},"minecraft:crafted":{"minecraft:stone_shovel":1,"mcwbridges:stone_brick_bridge_stair":2,"minecraft:birch_slab":234,"iceandfire:silver_shovel":1,"minecraft:furnace":1,"iceandfire:armor_copper_metal_leggings":2,"minecraft:stone":197,"mcwpaths:stone_crystal_floor":1,"iceandfire:armor_copper_metal_boots":2,"minecraft:cooked_mutton":3,"iceandfire:armor_copper_metal_helmet":2,"iceandfire:armor_silver_metal_chestplate":1,"minecraft:stone_pickaxe":1,"iceandfire:armor_copper_metal_chestplate":1,"minecraft:chest":4,"minecraft:spruce_boat":1,"minecraft:wheat":432,"iceandfire:silver_axe":1,"minecraft:cooked_beef":7,"mcwpaths:stone_running_bond":1,"iceandfire:silver_ingot":20,"minecraft:cooked_porkchop":6,"minecraft:crafting_table":6,"minecraft:spruce_planks":136,"minecraft:wooden_pickaxe":1,"minecraft:iron_sword":1,"minecraft:spruce_door":3,"minecraft:copper_ingot":33,"steam_powered:tin_ingot":32,"minecraft:birch_planks":136,"minecraft:stone_axe":1,"minecraft:bread":144,"minecraft:air":0,"mcwdoors:spruce_japanese_door":3,"iceandfire:armor_silver_metal_helmet":1,"minecraft:paper":12,"minecraft:shield":1,"minecraft:stick":24,"minecraft:iron_ingot":8,"minecraft:iron_pickaxe":1,"minecraft:stone_sword":1,"minecraft:torch":24,"iceandfire:silver_pickaxe":1,"iceandfire:silver_sword":1},"minecraft:custom":{"minecraft:mob_kills":99,"minecraft:interact_with_crafting_table":60,"minecraft:open_barrel":4,"minecraft:damage_dealt_resisted":589,"minecraft:leave_game":4,"minecraft:time_since_death":43368,"minecraft:climb_one_cm":322,"minecraft:sprint_one_cm":533591,"minecraft:walk_one_cm":759093,"minecraft:damage_blocked_by_shield":785,"minecraft:drop":37,"minecraft:talked_to_villager":8,"minecraft:play_time":205279,"minecraft:deaths":8,"minecraft:sneak_time":570,"minecraft:walk_under_water_one_cm":1768,"minecraft:boat_one_cm":14130,"minecraft:jump":5562,"minecraft:walk_on_water_one_cm":10070,"minecraft:total_world_time":205279,"minecraft:interact_with_furnace":95,"minecraft:interact_with_cartography_table":1,"minecraft:interact_with_stonecutter":24,"minecraft:sleep_in_bed":7,"minecraft:time_since_rest":72,"minecraft:damage_taken":7256,"minecraft:trigger_trapped_chest":7,"minecraft:damage_dealt":23933,"minecraft:swim_one_cm":11561,"minecraft:fly_one_cm":1055336,"minecraft:open_chest":50,"minecraft:crouch_one_cm":858,"minecraft:interact_with_smoker":2,"minecraft:fall_one_cm":92482}},"DataVersion":3465}