{"stats":{"minecraft:mined":{"minecraft:spruce_planks":5,"iceandfire:silver_ore":22,"mcwpaths:stone_running_bond":1,"minecraft:spruce_trapdoor":1,"minecraft:glow_lichen":2,"minecraft:grass_block":152,"minecraft:birch_slab":9,"minecraft:spruce_leaves":3,"mcwpaths:stone_windmill_weave":28,"steam_powered:tin_ore":47,"minecraft:large_fern":2,"steam_powered:zinc_ore":1,"minecraft:hay_block":50,"mcwdoors:spruce_japanese_door":3,"mcwwindows:stripped_oak_log_four_window":1,"mcwwindows:oak_four_window":3,"minecraft:furnace":9,"minecraft:iron_ore":8,"minecraft:fire":8,"minecraft:snow":4,"minecraft:vine":1,"minecraft:lantern":2,"minecraft:packed_ice":1,"iceandfire:dread_stone_bricks_cracked":2,"minecraft:stone":522,"minecraft:red_wool":2,"minecraft:red_bed":6,"minecraft:brown_stained_glass_pane":1,"minecraft:snow_block":4,"minecraft:smoker":2,"minecraft:crafting_table":8,"minecraft:torch":1,"iceandfire:sapphire_ore":5,"minecraft:copper_ore":19,"minecraft:tall_grass":2,"minecraft:oak_planks":2,"minecraft:sugar_cane":9,"minecraft:wall_torch":3,"minecraft:sweet_berry_bush":2,"minecraft:birch_log":34,"minecraft:redstone_torch":1,"minecraft:white_carpet":3,"minecraft:spruce_log":33,"minecraft:birch_leaves":1,"minecraft:yellow_bed":2,"minecraft:grass":12,"iceandfire:dread_stone_bricks_mossy":1,"minecraft:oak_log":60,"minecraft:coal_ore":186,"minecraft:dirt":55,"minecraft:sand":195,"mcwpaths:stone_crystal_floor":1,"minecraft:cracked_stone_bricks":1,"minecraft:stone_bricks":3,"minecraft:stonecutter":2,"minecraft:mossy_stone_bricks":1,"iceandfire:dread_stone_bricks":3,"minecraft:oak_leaves":1},"minecraft:killed":{"minecraft:spider":2,"alexsmobs:snow_leopard":1,"alexscaves:raycat":1,"iceandfire:dread_beast":1,"alexsmobs:seagull":1,"enemyexpansion:direwolf":8,"minecraft:skeleton":2,"iceandfire:dread_knight":2,"alexsmobs:bison":1,"alexsmobs:tusklin":1,"minecraft:pig":1,"alexsmobs:grizzly_bear":1,"alexsmobs:seal":2,"minecraft:iron_golem":1,"enemyexpansion:sprinter":1,"minecraft:creeper":1,"minecraft:zombie":6,"iceandfire:ghost":8,"creepycreepers:snowy_creeper":1,"enemyexpansion:huntsman":2,"alexsmobs:crow":1,"enemyexpansion:wasp":1},"minecraft:dropped":{"minecraft:bread":72,"minecraft:crafting_table":1,"iceandfire:armor_copper_metal_chestplate":2,"minecraft:feather":6,"minecraft:lantern":1,"minecraft:cracked_stone_bricks":1,"minecraft:spruce_door":2,"minecraft:dirt":1,"iceandfire:silver_sword":1,"minecraft:snowball":22,"minecraft:armor_stand":1,"minecraft:sugar_cane":2,"minecraft:stone_sword":1,"minecraft:stone_shovel":1,"minecraft:white_carpet":2,"minecraft:rotten_flesh":9,"minecraft:oak_planks":2,"minecraft:stone":9,"minecraft:spruce_trapdoor":1,"minecraft:yellow_bed":1,"minecraft:spider_eye":1,"minecraft:stone_bricks":2,"minecraft:stone_pickaxe":1,"minecraft:wooden_pickaxe":1,"iceandfire:armor_copper_metal_leggings":2},"minecraft:picked_up":{"iceandfire:dread_stone_bricks":1,"minecraft:crafting_table":8,"iceandfire:armor_copper_metal_chestplate":1,"minecraft:shield":1,"minecraft:string":1,"minecraft:red_bed":6,"minecraft:raw_copper":63,"minecraft:iron_leggings":1,"steam_powered:tin_ingot":62,"minecraft:armor_stand":1,"minecraft:white_carpet":2,"minecraft:cracked_stone_bricks":1,"minecraft:spruce_planks":5,"minecraft:beef":8,"steam_powered:raw_zinc":1,"mcwwindows:stripped_oak_log_four_window":1,"minecraft:redstone_torch":1,"minecraft:poppy":1,"minecraft:sugar_cane":23,"minecraft:birch_sapling":4,"minecraft:spruce_trapdoor":2,"mcwpaths:stone_windmill_weave":28,"minecraft:furnace":9,"minecraft:egg":1,"minecraft:stick":25,"minecraft:raw_iron":8,"minecraft:stone":15,"mcwpaths:stone_running_bond":1,"minecraft:copper_ingot":20,"minecraft:torch":3,"minecraft:porkchop":6,"iceandfire:silver_ingot":10,"minecraft:arrow":9,"minecraft:rotten_flesh":32,"minecraft:hay_block":48,"minecraft:mutton":3,"minecraft:snowball":27,"minecraft:cobblestone":576,"minecraft:birch_log":34,"iceandfire:sapphire_gem":5,"minecraft:feather":6,"minecraft:birch_slab":9,"minecraft:smoker":1,"minecraft:oak_log":60,"iceandfire:dread_stone_bricks_cracked":2,"minecraft:yellow_bed":1,"minecraft:gunpowder":4,"mcwwindows:oak_four_window":3,"minecraft:dirt":297,"minecraft:lantern":3,"minecraft:bone":12,"minecraft:stone_bricks":2,"minecraft:stonecutter":2,"minecraft:wheat_seeds":4,"minecraft:iron_ingot":27,"minecraft:mossy_stone_bricks":1,"minecraft:oak_planks":2,"mcwdoors:spruce_japanese_door":3,"mcwpaths:stone_crystal_floor":2,"minecraft:sweet_berries":34,"minecraft:red_wool":2,"minecraft:sand":259,"minecraft:spruce_log":34,"minecraft:spider_eye":1,"iceandfire:silver_sword":1,"steam_powered:raw_tin":47,"iceandfire:dread_stone_bricks_mossy":1,"minecraft:bread":9,"minecraft:oak_sapling":34,"minecraft:black_wool":1,"minecraft:coal":366,"iceandfire:raw_silver":20},"minecraft:broken":{"iceandfire:silver_pickaxe":1,"minecraft:stone_axe":1,"minecraft:iron_pickaxe":1,"iceandfire:armor_copper_metal_boots":1,"iceandfire:armor_copper_metal_helmet":2},"minecraft:killed_by":{"iceandfire:dread_beast":1,"alexsmobs:bison":1,"alexsmobs:tusklin":1,"iceandfire:dread_knight":2,"iceandfire:ice_dragon":1},"minecraft:used":{"minecraft:stone_sword":54,"iceandfire:silver_sword":468,"minecraft:stone_shovel":32,"minecraft:chest":5,"minecraft:shield":19,"minecraft:iron_sword":178,"minecraft:rotten_flesh":8,"minecraft:stone_hoe":12,"minecraft:torch":33,"minecraft:dirt":76,"mcwwindows:oak_four_window":67,"minecraft:spruce_boat":1,"minecraft:lantern":1,"minecraft:birch_sapling":1,"iceandfire:dread_queen_sword":128,"minecraft:sweet_berries":31,"minecraft:furnace":10,"minecraft:potato":10,"minecraft:cooked_beef":7,"mcwpaths:stone_running_bond":1,"minecraft:cooked_mutton":3,"minecraft:spruce_door":1,"minecraft:birch_planks":2,"minecraft:stone_pickaxe":87,"mcwpaths:stone_windmill_weave":376,"minecraft:wooden_pickaxe":8,"minecraft:stonecutter":2,"minecraft:sugar_cane":9,"minecraft:sand":59,"mcwdoors:spruce_japanese_door":5,"minecraft:crafting_table":12,"minecraft:red_bed":6,"iceandfire:dread_stone_bricks_mossy":1,"iceandfire:silver_axe":111,"mcwpaths:stone_crystal_floor":1,"minecraft:smoker":1,"iceandfire:silver_pickaxe":534,"mcwwindows:stripped_oak_log_four_window":1,"mcwbridges:stone_brick_bridge_stair":2,"minecraft:iron_pickaxe":251,"minecraft:birch_slab":193,"minecraft:bread":87,"minecraft:stone_axe":110,"minecraft:cobblestone":4,"minecraft:cooked_porkchop":6,"alexsmobs:animal_dictionary":3,"iceandfire:silver_shovel":380},"minecraft:custom":{"minecraft:mob_kills":106,"minecraft:interact_with_crafting_table":70,"minecraft:open_barrel":4,"minecraft:leave_game":6,"minecraft:damage_dealt_resisted":589,"minecraft:time_since_death":93089,"minecraft:climb_one_cm":322,"minecraft:walk_one_cm":973109,"minecraft:sprint_one_cm":593999,"minecraft:damage_blocked_by_shield":785,"minecraft:drop":37,"minecraft:talked_to_villager":8,"minecraft:play_time":255000,"minecraft:deaths":8,"minecraft:sneak_time":673,"minecraft:walk_under_water_one_cm":1768,"minecraft:boat_one_cm":14130,"minecraft:jump":5875,"minecraft:walk_on_water_one_cm":10070,"minecraft:total_world_time":255000,"minecraft:interact_with_furnace":120,"minecraft:interact_with_cartography_table":1,"minecraft:interact_with_stonecutter":29,"minecraft:sleep_in_bed":10,"minecraft:time_since_rest":5793,"minecraft:damage_taken":7456,"minecraft:trigger_trapped_chest":7,"minecraft:damage_dealt":30513,"minecraft:swim_one_cm":11561,"minecraft:fly_one_cm":1117611,"minecraft:open_chest":72,"minecraft:crouch_one_cm":1044,"minecraft:interact_with_smoker":2,"minecraft:fall_one_cm":97148},"minecraft:crafted":{"mcwwindows:window_half_bar_base":68,"minecraft:oak_planks":156,"minecraft:stone_shovel":1,"mcwbridges:stone_brick_bridge_stair":2,"iceandfire:silver_shovel":1,"minecraft:birch_slab":234,"minecraft:furnace":1,"iceandfire:armor_copper_metal_leggings":2,"minecraft:stone":369,"mcwpaths:stone_crystal_floor":1,"iceandfire:armor_copper_metal_helmet":2,"minecraft:cooked_mutton":3,"iceandfire:armor_copper_metal_boots":2,"minecraft:glass":72,"iceandfire:armor_silver_metal_chestplate":1,"iceandfire:armor_copper_metal_chestplate":1,"minecraft:stone_pickaxe":1,"minecraft:chest":5,"minecraft:spruce_boat":1,"minecraft:stone_hoe":1,"minecraft:wheat":432,"minecraft:cooked_beef":7,"iceandfire:silver_axe":1,"iceandfire:silver_ingot":20,"mcwpaths:stone_running_bond":1,"minecraft:cooked_porkchop":6,"minecraft:crafting_table":6,"mcwwindows:window_centre_bar_base":68,"minecraft:spruce_planks":136,"minecraft:wooden_pickaxe":1,"minecraft:iron_sword":1,"minecraft:spruce_door":3,"minecraft:copper_ingot":33,"steam_powered:tin_ingot":32,"minecraft:birch_planks":136,"minecraft:stone_axe":1,"minecraft:bread":144,"minecraft:air":0,"mcwdoors:spruce_japanese_door":3,"iceandfire:armor_silver_metal_helmet":1,"minecraft:paper":12,"mcwwindows:window_base":68,"minecraft:shield":1,"minecraft:stick":152,"minecraft:iron_ingot":8,"minecraft:iron_pickaxe":1,"minecraft:stone_sword":1,"mcwwindows:oak_four_window":64,"minecraft:torch":32,"iceandfire:silver_pickaxe":2,"iceandfire:silver_sword":1}},"DataVersion":3465}