{"stats":{"minecraft:killed":{"alexsmobs:lobster":4,"minecraft:spider":6,"alexsmobs:snow_leopard":1,"alexsmobs:murmur":1,"minecraft:cod":3,"minecraft:skeleton":4,"steam_powered:giant_crab":2,"minecraft:pig":4,"alexsmobs:grizzly_bear":1,"enemyexpansion:ladybug":1,"alexsmobs:seal":2,"minecraft:iron_golem":1,"mutantmonsters:mutant_skeleton":1,"minecraft:creeper":4,"minecraft:sheep":1,"minecraft:zombie":9,"creepycreepers:snowy_creeper":1,"alexsmobs:terrapin":1,"enemyexpansion:botfly":8,"alexsmobs:fly":1,"minecraft:cow":3,"enemyexpansion:wasp":1,"alexscaves:raycat":1,"iceandfire:dread_beast":1,"alexsmobs:seagull":2,"enemyexpansion:direwolf":9,"enemyexpansion:goblin_fear":1,"enemyexpansion:faller":1,"iceandfire:dread_knight":2,"alexsmobs:bison":1,"alexsmobs:tusklin":1,"enemyexpansion:sprinter":2,"iceandfire:ghost":8,"enemyexpansion:huntsman":3,"alexsmobs:crow":1},"minecraft:crafted":{"mcwwindows:window_half_bar_base":76,"minecraft:oak_planks":432,"iceandfire:silver_nugget":9,"minecraft:birch_boat":3,"iceandfire:silver_shovel":2,"minecraft:lightning_rod":1,"minecraft:birch_slab":246,"iceandfire:lectern":1,"minecraft:stone":825,"mcwdoors:birch_japanese_door":9,"mcwpaths:stone_crystal_floor":1,"minecraft:cooked_mutton":3,"iceandfire:armor_copper_metal_boots":2,"minecraft:glass":136,"iceandfire:armor_silver_metal_chestplate":2,"minecraft:bow":3,"minecraft:iron_boots":1,"iceandfire:armor_silver_metal_leggings":1,"iceandfire:armor_copper_metal_chestplate":1,"minecraft:chest":11,"mcwfurnitures:cabinet_door":3,"minecraft:dried_kelp_block":16,"minecraft:stone_hoe":1,"minecraft:smoker":1,"iceandfire:silver_axe":2,"minecraft:cooked_porkchop":13,"minecraft:crafting_table":8,"mcwwindows:window_centre_bar_base":76,"minecraft:spruce_planks":136,"minecraft:iron_helmet":1,"mcwfurnitures:stripped_birch_cupboard_counter":4,"minecraft:wooden_pickaxe":1,"minecraft:baked_potato":97,"minecraft:spruce_door":3,"minecraft:copper_ingot":33,"mcwroofs:stone_bricks_roof":1,"steam_powered:tin_ingot":32,"mcwtrpdoors:oak_glass_trapdoor":44,"minecraft:birch_planks":220,"mcwtrpdoors:spruce_glass_trapdoor":20,"minecraft:painting":1,"minecraft:paper":27,"mcwwindows:window_base":76,"minecraft:shield":1,"minecraft:birch_fence":21,"minecraft:stick":228,"minecraft:iron_ingot":32,"minecraft:iron_pickaxe":2,"minecraft:stone_sword":1,"minecraft:gold_ingot":18,"mcwwindows:oak_four_window":72,"iceandfire:silver_sword":1,"minecraft:shears":1,"minecraft:stone_shovel":1,"mcwfurnitures:birch_striped_chair":4,"minecraft:iron_nugget":63,"mcwbridges:stone_brick_bridge_stair":28,"minecraft:furnace":4,"iceandfire:armor_copper_metal_leggings":2,"iceandfire:armor_copper_metal_helmet":2,"minecraft:glass_pane":64,"mcwfurnitures:birch_counter":1,"minecraft:lantern":7,"mcwfurnitures:birch_bookshelf_cupboard":8,"mcwdoors:birch_western_door":3,"minecraft:stone_pickaxe":1,"minecraft:spruce_boat":1,"minecraft:wheat":432,"minecraft:cooked_beef":12,"minecraft:cooked_cod":2,"mcwpaths:stone_running_bond":1,"iceandfire:silver_ingot":44,"alexsmobs:cooked_lobster_tail":2,"mcwfurnitures:birch_coffee_table":9,"minecraft:dried_kelp":150,"minecraft:iron_sword":1,"minecraft:bucket":6,"minecraft:stone_axe":1,"minecraft:bread":144,"minecraft:air":0,"mcwdoors:spruce_japanese_door":3,"minecraft:oak_boat":2,"iceandfire:armor_silver_metal_helmet":1,"minecraft:oak_chest_boat":1,"minecraft:white_wool":1,"minecraft:birch_trapdoor":6,"minecraft:iron_shovel":1,"mcwfurnitures:stripped_birch_wardrobe":4,"minecraft:torch":68,"iceandfire:silver_pickaxe":4,"mcwroofs:stone_bricks_top_roof":1},"minecraft:custom":{"minecraft:animals_bred":1,"minecraft:interact_with_crafting_table":163,"minecraft:open_barrel":4,"minecraft:leave_game":15,"minecraft:time_since_death":28789,"minecraft:sprint_one_cm":1422859,"minecraft:damage_blocked_by_shield":2131,"minecraft:drop":96,"minecraft:play_noteblock":1,"minecraft:talked_to_villager":9,"minecraft:play_time":660478,"minecraft:deaths":18,"minecraft:jump":10201,"minecraft:walk_on_water_one_cm":111915,"minecraft:interact_with_furnace":208,"minecraft:interact_with_cartography_table":1,"minecraft:sleep_in_bed":23,"minecraft:damage_dealt":44421,"minecraft:crouch_one_cm":44985,"minecraft:interact_with_smoker":36,"minecraft:mob_kills":190,"minecraft:damage_dealt_resisted":589,"minecraft:climb_one_cm":413,"minecraft:walk_one_cm":2201462,"minecraft:sneak_time":13995,"minecraft:walk_under_water_one_cm":77496,"minecraft:boat_one_cm":611678,"minecraft:total_world_time":660478,"minecraft:tune_noteblock":1,"minecraft:interact_with_stonecutter":47,"minecraft:time_since_rest":10591,"minecraft:damage_absorbed":40,"minecraft:damage_taken":13578,"minecraft:trigger_trapped_chest":8,"minecraft:swim_one_cm":250395,"minecraft:fly_one_cm":1826007,"minecraft:open_chest":203,"minecraft:fall_one_cm":205516},"minecraft:dropped":{"minecraft:moss_block":2,"minecraft:baked_potato":1,"minecraft:crafting_table":1,"minecraft:glow_berries":4,"minecraft:lantern":1,"minecraft:cracked_stone_bricks":1,"minecraft:cod":1,"minecraft:dirt":1,"minecraft:grass":2,"mcwroofs:stone_bricks_roof":1,"minecraft:cooked_cod":1,"minecraft:snowball":33,"minecraft:bone_meal":1,"minecraft:sand":3,"minecraft:white_wool":1,"minecraft:bone":3,"minecraft:armor_stand":1,"minecraft:sugar_cane":17,"mutantmonsters:mutant_skeleton_pelvis":1,"minecraft:birch_sapling":1,"minecraft:rotten_flesh":9,"minecraft:oak_planks":2,"iceandfire:ghost_chest":2,"iceandfire:armor_copper_metal_leggings":2,"minecraft:bread":72,"minecraft:wheat_seeds":5,"iceandfire:armor_copper_metal_chestplate":2,"minecraft:feather":6,"minecraft:apple":1,"minecraft:spruce_door":2,"minecraft:ink_sac":7,"minecraft:torch":1,"iceandfire:silver_sword":1,"minecraft:flowering_azalea":4,"minecraft:string":4,"minecraft:spruce_sapling":1,"iceandfire:silver_nugget":8,"minecraft:sweet_berries":5,"alexsmobs:maggot":4,"minecraft:stone_sword":1,"minecraft:stone_shovel":1,"minecraft:white_carpet":2,"minecraft:potato":18,"minecraft:stone":9,"minecraft:shield":1,"minecraft:spruce_trapdoor":1,"mutantmonsters:mutant_skeleton_limb":1,"minecraft:yellow_bed":1,"mcwdoors:birch_western_door":3,"minecraft:small_dripleaf":1,"minecraft:spider_eye":2,"minecraft:stone_bricks":2,"minecraft:stone_pickaxe":1,"minecraft:wooden_pickaxe":1},"minecraft:killed_by":{"alexsmobs:tusklin":1,"man:managgresive":2,"iceandfire:ice_dragon":8,"iceandfire:dread_beast":1,"alexsmobs:bison":1,"iceandfire:dread_knight":2},"minecraft:picked_up":{"iceandfire:dread_stone_bricks":1,"minecraft:wheat":13,"mcwfurnitures:birch_counter":1,"iceandfire:armor_copper_metal_chestplate":1,"mcwroofs:stone_bricks_lower_roof":72,"minecraft:string":14,"minecraft:raw_copper":66,"minecraft:iron_leggings":1,"steam_powered:tin_ingot":62,"minecraft:armor_stand":1,"minecraft:cobbled_deepslate":3,"minecraft:spruce_planks":5,"steam_powered:raw_zinc":1,"mcwbridges:stone_brick_bridge_stair":1,"minecraft:redstone_torch":1,"minecraft:furnace":12,"mcwpaths:stone_windmill_weave":148,"iceandfire:ghost_chest":2,"minecraft:stick":30,"minecraft:big_dripleaf":2,"minecraft:birch_trapdoor":2,"minecraft:torch":53,"minecraft:porkchop":13,"mutantmonsters:mutant_skeleton_pelvis":1,"minecraft:rotten_flesh":55,"minecraft:blackstone_stairs":1,"minecraft:cod":6,"minecraft:snowball":38,"alexsmobs:lobster_tail":2,"minecraft:cobblestone":1313,"minecraft:birch_log":105,"minecraft:enchanting_table":4,"iceandfire:sapphire_gem":5,"minecraft:feather":10,"minecraft:birch_slab":9,"minecraft:smoker":1,"minecraft:potato":185,"minecraft:stripped_birch_log":13,"minecraft:dirt":510,"minecraft:lantern":6,"minecraft:bone":27,"mcwroofs:stone_bricks_roof":12,"minecraft:stonecutter":2,"minecraft:bow":2,"minecraft:wheat_seeds":44,"minecraft:small_dripleaf":2,"minecraft:raw_gold":1,"minecraft:mossy_stone_bricks":1,"minecraft:moss_block":4,"minecraft:oak_planks":23,"mcwdoors:spruce_japanese_door":5,"mcwpaths:stone_crystal_floor":2,"minecraft:sand":574,"minecraft:ink_sac":12,"man:tearoftheman":1,"iceandfire:dread_stone_bricks_mossy":1,"minecraft:bone_meal":1,"minecraft:grass":2,"minecraft:bread":9,"alexsmobs:banana_slug_slime":2,"alexsmobs:maggot":4,"minecraft:oak_sapling":36,"mcwroofs:stone_bricks_top_roof":2,"iceandfire:raw_silver":45,"minecraft:crafting_table":10,"mcwfurnitures:birch_striped_chair":1,"mcwroofs:stone_bricks_upper_lower_roof":122,"minecraft:gold_block":2,"iceandfire:frozen_cobblestone":1,"minecraft:shield":2,"minecraft:red_bed":8,"minecraft:white_carpet":2,"minecraft:cracked_stone_bricks":1,"alexsmobs:elastic_tendon":1,"minecraft:beef":13,"mcwwindows:stripped_oak_log_four_window":1,"minecraft:oak_boat":3,"minecraft:poppy":1,"minecraft:sugar_cane":53,"minecraft:birch_sapling":8,"minecraft:spruce_trapdoor":2,"minecraft:egg":1,"minecraft:raw_iron":32,"minecraft:sandstone":1,"minecraft:stone":26,"mcwpaths:stone_running_bond":1,"minecraft:copper_ingot":31,"mcwfurnitures:stripped_birch_wardrobe":1,"minecraft:redstone":5,"iceandfire:silver_ingot":13,"minecraft:arrow":20,"minecraft:hay_block":62,"minecraft:oak_chest_boat":1,"minecraft:glow_berries":8,"minecraft:mutton":4,"minecraft:white_wool":1,"mcwdoors:birch_japanese_door":1,"minecraft:leather":2,"minecraft:birch_planks":57,"minecraft:oak_log":124,"iceandfire:dread_stone_bricks_cracked":2,"minecraft:yellow_bed":1,"minecraft:gunpowder":13,"mcwwindows:oak_four_window":7,"mutantmonsters:mutant_skeleton_limb":1,"minecraft:apple":4,"minecraft:stone_bricks":25,"minecraft:kelp":150,"mcwdoors:birch_western_door":7,"minecraft:iron_ingot":28,"minecraft:cobweb":6,"mcwtrpdoors:spruce_glass_trapdoor":1,"minecraft:flowering_azalea":8,"minecraft:book":18,"minecraft:smooth_basalt":1,"minecraft:sweet_berries":59,"minecraft:red_wool":3,"minecraft:spruce_sapling":3,"minecraft:spruce_log":34,"minecraft:spider_eye":4,"mcwfurnitures:birch_coffee_table":1,"iceandfire:silver_sword":1,"steam_powered:raw_tin":54,"minecraft:painting":1,"minecraft:black_wool":1,"minecraft:coal":459},"minecraft:broken":{"minecraft:iron_shovel":1,"minecraft:golden_boots":1,"iceandfire:silver_pickaxe":3,"minecraft:stone_axe":1,"iceandfire:armor_silver_metal_chestplate":1,"iceandfire:silver_shovel":1,"iceandfire:armor_copper_metal_helmet":2,"iceandfire:armor_silver_metal_helmet":1,"minecraft:shield":1,"minecraft:iron_pickaxe":2,"iceandfire:armor_copper_metal_boots":2},"minecraft:mined":{"minecraft:spruce_planks":5,"minecraft:blackstone_stairs":1,"minecraft:spruce_trapdoor":1,"minecraft:cave_vines_plant":8,"minecraft:grass_block":237,"mcwfurnitures:birch_striped_chair":1,"mcwpaths:stone_windmill_weave":150,"mcwdoors:spruce_japanese_door":5,"minecraft:tall_seagrass":1,"minecraft:iron_ore":32,"minecraft:fire":8,"minecraft:enchanting_table":4,"minecraft:cave_vines":11,"mcwdoors:birch_japanese_door":1,"minecraft:azalea":1,"iceandfire:dread_stone_bricks_cracked":2,"mcwfurnitures:stripped_birch_wardrobe":1,"mcwfurnitures:birch_counter":1,"minecraft:deepslate_redstone_ore":1,"mcwtrpdoors:spruce_glass_trapdoor":2,"minecraft:red_bed":6,"mcwroofs:stone_bricks_roof":12,"minecraft:kelp_plant":15,"minecraft:smoker":2,"mcwdoors:birch_western_door":4,"minecraft:clay":6,"iceandfire:dragon_ice_spikes":3,"minecraft:torch":37,"iceandfire:ghost_chest":2,"iceandfire:frozen_dirt":1,"iceandfire:sapphire_ore":5,"minecraft:glass":1,"minecraft:cobblestone":159,"mcwbridges:stone_brick_bridge_stair":1,"minecraft:sugar_cane":27,"minecraft:oak_planks":23,"minecraft:wall_torch":8,"minecraft:seagrass":1,"minecraft:birch_log":104,"minecraft:wheat":13,"minecraft:birch_trapdoor":2,"minecraft:grass":44,"iceandfire:dread_stone_bricks_mossy":1,"minecraft:oak_log":122,"mcwfurnitures:birch_coffee_table":1,"minecraft:sand":434,"minecraft:dirt":139,"minecraft:smooth_basalt":1,"minecraft:stonecutter":2,"minecraft:deepslate":3,"minecraft:oak_leaves":14,"iceandfire:dread_stone_bricks":3,"iceandfire:silver_ore":47,"mcwpaths:stone_running_bond":1,"minecraft:stripped_birch_log":13,"minecraft:glow_lichen":2,"minecraft:chiseled_bookshelf":4,"minecraft:birch_slab":9,"minecraft:spruce_leaves":18,"minecraft:moss_block":5,"steam_powered:tin_ore":54,"minecraft:sandstone":1,"minecraft:large_fern":2,"minecraft:hay_block":64,"steam_powered:zinc_ore":1,"mcwwindows:stripped_oak_log_four_window":1,"mcwroofs:stone_bricks_lower_roof":74,"mcwwindows:oak_four_window":7,"minecraft:furnace":12,"minecraft:snow":4,"minecraft:gold_block":2,"minecraft:bookshelf":6,"minecraft:potatoes":52,"minecraft:vine":1,"minecraft:lantern":5,"minecraft:packed_ice":1,"minecraft:stone":1107,"minecraft:podzol":4,"minecraft:flowering_azalea":4,"minecraft:red_wool":2,"minecraft:brown_stained_glass_pane":1,"minecraft:snow_block":4,"minecraft:crafting_table":10,"mcwroofs:stone_bricks_top_roof":2,"mcwroofs:stone_bricks_upper_lower_roof":122,"minecraft:tall_grass":7,"minecraft:copper_ore":20,"minecraft:birch_planks":40,"minecraft:redstone_torch":1,"minecraft:sweet_berry_bush":3,"minecraft:ice":2,"minecraft:white_carpet":3,"minecraft:spruce_log":33,"minecraft:birch_leaves":4,"minecraft:yellow_bed":2,"minecraft:coal_ore":231,"mcwpaths:stone_crystal_floor":1,"minecraft:cobweb":10,"minecraft:cracked_stone_bricks":1,"minecraft:stone_bricks":14,"minecraft:small_dripleaf":2,"minecraft:mossy_stone_bricks":1,"minecraft:gold_ore":1},"minecraft:used":{"iceandfire:lectern":1,"minecraft:iron_shovel":282,"minecraft:chest":7,"minecraft:shield":61,"minecraft:iron_sword":178,"minecraft:rotten_flesh":8,"mcwwindows:oak_four_window":75,"minecraft:axolotl_bucket":2,"minecraft:big_dripleaf":2,"minecraft:glass":48,"minecraft:spruce_boat":1,"mcwroofs:stone_bricks_upper_lower_roof":325,"minecraft:lantern":7,"minecraft:birch_sapling":3,"alexsmobs:cooked_lobster_tail":2,"mcwroofs:stone_bricks_roof":12,"mcwfurnitures:birch_coffee_table":9,"minecraft:stone_bricks":11,"minecraft:birch_trapdoor":2,"minecraft:bow":20,"minecraft:sweet_berries":54,"minecraft:furnace":14,"minecraft:cooked_cod":1,"minecraft:potato":80,"minecraft:oak_chest_boat":2,"mcwtrpdoors:oak_glass_trapdoor":33,"minecraft:spruce_door":1,"mcwpaths:stone_windmill_weave":456,"minecraft:stone_pickaxe":87,"minecraft:oak_planks":21,"minecraft:wooden_pickaxe":8,"mcwfurnitures:birch_striped_chair":5,"minecraft:sugar_cane":9,"minecraft:golden_apple":1,"minecraft:glow_berries":6,"minecraft:sand":171,"mcwdoors:spruce_japanese_door":5,"iceandfire:silver_axe":390,"mcwpaths:stone_crystal_floor":1,"minecraft:lightning_rod":1,"iceandfire:silver_pickaxe":1504,"minecraft:birch_slab":193,"minecraft:bread":87,"mcwfurnitures:stripped_birch_wardrobe":1,"minecraft:birch_log":13,"minecraft:oak_boat":4,"minecraft:cobweb":10,"mcwdoors:birch_western_door":4,"minecraft:enchanting_table":3,"minecraft:stone_sword":54,"iceandfire:silver_sword":757,"minecraft:stone_shovel":32,"minecraft:stone_hoe":107,"minecraft:torch":98,"minecraft:dirt":224,"minecraft:cod_bucket":4,"mcwtrpdoors:spruce_glass_trapdoor":18,"minecraft:flowering_azalea":1,"mcwfurnitures:birch_bookshelf_cupboard":8,"iceandfire:dread_queen_sword":128,"minecraft:cooked_beef":12,"mcwpaths:stone_running_bond":1,"minecraft:wheat_seeds":35,"minecraft:cooked_mutton":3,"minecraft:water_bucket":60,"mcwfurnitures:birch_counter":1,"mcwdoors:birch_japanese_door":8,"minecraft:birch_planks":50,"minecraft:baked_potato":68,"minecraft:birch_boat":3,"minecraft:stonecutter":2,"minecraft:crafting_table":16,"minecraft:red_bed":8,"mcwfurnitures:stripped_birch_cupboard_counter":3,"iceandfire:dread_stone_bricks_mossy":1,"minecraft:painting":2,"minecraft:smoker":2,"minecraft:oak_log":3,"mcwbridges:stone_brick_bridge_stair":27,"mcwwindows:stripped_oak_log_four_window":1,"minecraft:apple":12,"minecraft:iron_pickaxe":499,"mcwroofs:stone_bricks_top_roof":2,"minecraft:spruce_sapling":2,"mcwroofs:stone_bricks_lower_roof":195,"minecraft:stone_axe":110,"minecraft:cobblestone":198,"minecraft:cooked_porkchop":8,"minecraft:bucket":68,"alexsmobs:animal_dictionary":3,"iceandfire:silver_shovel":533}},"DataVersion":3465}