{"stats":{"minecraft:used":{"minecraft:stone_sword":54,"iceandfire:silver_sword":524,"minecraft:stone_shovel":32,"minecraft:chest":5,"minecraft:shield":23,"minecraft:iron_sword":178,"minecraft:rotten_flesh":8,"minecraft:stone_hoe":15,"minecraft:torch":35,"minecraft:dirt":76,"mcwwindows:oak_four_window":67,"mcwtrpdoors:spruce_glass_trapdoor":17,"minecraft:spruce_boat":1,"mcwroofs:stone_bricks_upper_lower_roof":303,"minecraft:lantern":1,"minecraft:birch_sapling":1,"alexsmobs:cooked_lobster_tail":2,"mcwroofs:stone_bricks_roof":10,"minecraft:stone_bricks":11,"iceandfire:dread_queen_sword":128,"minecraft:sweet_berries":31,"minecraft:furnace":10,"minecraft:cooked_cod":1,"minecraft:potato":19,"minecraft:cooked_beef":7,"mcwpaths:stone_running_bond":1,"minecraft:cooked_mutton":3,"minecraft:baked_potato":15,"minecraft:birch_planks":22,"minecraft:oak_planks":9,"minecraft:stone_pickaxe":87,"minecraft:spruce_door":1,"mcwpaths:stone_windmill_weave":447,"minecraft:sugar_cane":9,"minecraft:wooden_pickaxe":8,"minecraft:stonecutter":2,"minecraft:sand":59,"mcwdoors:spruce_japanese_door":5,"minecraft:crafting_table":12,"minecraft:red_bed":7,"iceandfire:dread_stone_bricks_mossy":1,"iceandfire:silver_axe":129,"mcwpaths:stone_crystal_floor":1,"minecraft:smoker":2,"iceandfire:silver_pickaxe":1321,"mcwwindows:stripped_oak_log_four_window":1,"mcwbridges:stone_brick_bridge_stair":2,"minecraft:apple":12,"minecraft:iron_pickaxe":251,"minecraft:birch_slab":193,"minecraft:bread":87,"mcwroofs:stone_bricks_top_roof":1,"mcwroofs:stone_bricks_lower_roof":174,"minecraft:stone_axe":110,"minecraft:cobblestone":4,"minecraft:cooked_porkchop":6,"iceandfire:silver_shovel":385,"alexsmobs:animal_dictionary":3},"minecraft:dropped":{"minecraft:bread":72,"minecraft:crafting_table":1,"iceandfire:armor_copper_metal_chestplate":2,"minecraft:feather":6,"minecraft:lantern":1,"minecraft:apple":1,"minecraft:cracked_stone_bricks":1,"minecraft:spruce_door":2,"minecraft:dirt":1,"minecraft:torch":1,"iceandfire:silver_sword":1,"minecraft:cooked_cod":1,"minecraft:snowball":22,"minecraft:armor_stand":1,"alexsmobs:maggot":2,"minecraft:sugar_cane":17,"mutantmonsters:mutant_skeleton_pelvis":1,"minecraft:stone_sword":1,"minecraft:birch_sapling":1,"minecraft:stone_shovel":1,"minecraft:white_carpet":2,"minecraft:rotten_flesh":9,"minecraft:oak_planks":2,"minecraft:stone":9,"minecraft:shield":1,"iceandfire:ghost_chest":2,"minecraft:spruce_trapdoor":1,"mutantmonsters:mutant_skeleton_limb":1,"minecraft:yellow_bed":1,"minecraft:spider_eye":1,"minecraft:stone_bricks":2,"minecraft:stone_pickaxe":1,"minecraft:wooden_pickaxe":1,"iceandfire:armor_copper_metal_leggings":2},"minecraft:custom":{"minecraft:mob_kills":124,"minecraft:interact_with_crafting_table":82,"minecraft:open_barrel":4,"minecraft:leave_game":10,"minecraft:damage_dealt_resisted":589,"minecraft:time_since_death":185797,"minecraft:climb_one_cm":322,"minecraft:walk_one_cm":1371480,"minecraft:sprint_one_cm":686430,"minecraft:damage_blocked_by_shield":965,"minecraft:drop":47,"minecraft:talked_to_villager":8,"minecraft:play_time":347708,"minecraft:deaths":8,"minecraft:sneak_time":11239,"minecraft:walk_under_water_one_cm":11081,"minecraft:boat_one_cm":14130,"minecraft:jump":6540,"minecraft:walk_on_water_one_cm":14976,"minecraft:total_world_time":347708,"minecraft:interact_with_furnace":179,"minecraft:interact_with_cartography_table":1,"minecraft:interact_with_stonecutter":42,"minecraft:sleep_in_bed":15,"minecraft:time_since_rest":8477,"minecraft:damage_taken":8635,"minecraft:trigger_trapped_chest":8,"minecraft:damage_dealt":33395,"minecraft:swim_one_cm":52997,"minecraft:fly_one_cm":1186888,"minecraft:open_chest":87,"minecraft:crouch_one_cm":37103,"minecraft:fall_one_cm":114222,"minecraft:interact_with_smoker":12},"minecraft:killed_by":{"iceandfire:dread_beast":1,"alexsmobs:bison":1,"alexsmobs:tusklin":1,"iceandfire:dread_knight":2,"iceandfire:ice_dragon":1},"minecraft:crafted":{"mcwwindows:window_half_bar_base":68,"minecraft:oak_planks":156,"minecraft:stone_shovel":1,"mcwbridges:stone_brick_bridge_stair":2,"iceandfire:silver_shovel":1,"minecraft:birch_slab":234,"minecraft:furnace":2,"iceandfire:armor_copper_metal_leggings":2,"minecraft:stone":825,"mcwpaths:stone_crystal_floor":1,"minecraft:cooked_mutton":3,"iceandfire:armor_copper_metal_helmet":2,"iceandfire:armor_copper_metal_boots":2,"minecraft:glass_pane":16,"minecraft:glass":72,"iceandfire:armor_silver_metal_chestplate":1,"minecraft:stone_pickaxe":1,"iceandfire:armor_copper_metal_chestplate":1,"minecraft:chest":5,"minecraft:spruce_boat":1,"minecraft:stone_hoe":1,"minecraft:smoker":1,"minecraft:wheat":432,"minecraft:cooked_beef":7,"iceandfire:silver_axe":1,"minecraft:cooked_cod":2,"mcwpaths:stone_running_bond":1,"iceandfire:silver_ingot":21,"minecraft:cooked_porkchop":6,"alexsmobs:cooked_lobster_tail":2,"minecraft:crafting_table":6,"mcwwindows:window_centre_bar_base":68,"minecraft:spruce_planks":136,"minecraft:dried_kelp":48,"minecraft:wooden_pickaxe":1,"minecraft:baked_potato":19,"minecraft:iron_sword":1,"minecraft:spruce_door":3,"minecraft:copper_ingot":33,"steam_powered:tin_ingot":32,"minecraft:birch_planks":136,"minecraft:stone_axe":1,"mcwtrpdoors:spruce_glass_trapdoor":16,"minecraft:bread":144,"minecraft:air":0,"mcwdoors:spruce_japanese_door":3,"iceandfire:armor_silver_metal_helmet":1,"minecraft:paper":12,"mcwwindows:window_base":68,"minecraft:shield":1,"minecraft:stick":152,"minecraft:iron_ingot":8,"minecraft:iron_pickaxe":1,"minecraft:stone_sword":1,"mcwwindows:oak_four_window":64,"minecraft:torch":32,"iceandfire:silver_pickaxe":3,"iceandfire:silver_sword":1,"mcwroofs:stone_bricks_top_roof":1},"minecraft:mined":{"minecraft:spruce_planks":5,"iceandfire:silver_ore":23,"mcwpaths:stone_running_bond":1,"minecraft:spruce_trapdoor":1,"minecraft:glow_lichen":2,"minecraft:grass_block":152,"minecraft:birch_slab":9,"minecraft:spruce_leaves":3,"mcwpaths:stone_windmill_weave":140,"steam_powered:tin_ore":53,"minecraft:tall_seagrass":1,"minecraft:large_fern":2,"steam_powered:zinc_ore":1,"minecraft:hay_block":50,"mcwdoors:spruce_japanese_door":3,"mcwwindows:stripped_oak_log_four_window":1,"mcwroofs:stone_bricks_lower_roof":54,"mcwwindows:oak_four_window":3,"minecraft:furnace":9,"minecraft:iron_ore":11,"minecraft:fire":8,"minecraft:snow":4,"minecraft:potatoes":8,"minecraft:vine":1,"minecraft:lantern":2,"minecraft:packed_ice":1,"iceandfire:dread_stone_bricks_cracked":2,"minecraft:stone":998,"mcwtrpdoors:spruce_glass_trapdoor":1,"minecraft:red_wool":2,"minecraft:brown_stained_glass_pane":1,"minecraft:red_bed":6,"mcwroofs:stone_bricks_roof":10,"minecraft:snow_block":4,"minecraft:kelp_plant":15,"minecraft:smoker":2,"minecraft:crafting_table":8,"minecraft:torch":1,"mcwroofs:stone_bricks_top_roof":1,"iceandfire:ghost_chest":2,"iceandfire:sapphire_ore":5,"mcwroofs:stone_bricks_upper_lower_roof":97,"minecraft:copper_ore":20,"minecraft:tall_grass":2,"minecraft:oak_planks":11,"minecraft:sugar_cane":18,"minecraft:wall_torch":3,"minecraft:seagrass":1,"minecraft:birch_planks":6,"minecraft:sweet_berry_bush":2,"minecraft:birch_log":34,"minecraft:redstone_torch":1,"minecraft:white_carpet":3,"minecraft:spruce_log":33,"minecraft:birch_leaves":1,"minecraft:yellow_bed":2,"minecraft:grass":12,"iceandfire:dread_stone_bricks_mossy":1,"minecraft:coal_ore":201,"minecraft:oak_log":60,"minecraft:dirt":60,"minecraft:sand":195,"mcwpaths:stone_crystal_floor":1,"minecraft:cracked_stone_bricks":1,"minecraft:stonecutter":2,"minecraft:stone_bricks":14,"iceandfire:dread_stone_bricks":3,"minecraft:mossy_stone_bricks":1,"minecraft:oak_leaves":1},"minecraft:killed":{"alexsmobs:lobster":4,"minecraft:spider":3,"alexsmobs:snow_leopard":1,"alexscaves:raycat":1,"minecraft:cod":3,"alexsmobs:seagull":1,"iceandfire:dread_beast":1,"enemyexpansion:direwolf":8,"minecraft:skeleton":2,"iceandfire:dread_knight":2,"alexsmobs:bison":1,"alexsmobs:tusklin":1,"minecraft:pig":1,"alexsmobs:grizzly_bear":1,"alexsmobs:seal":2,"minecraft:iron_golem":1,"enemyexpansion:sprinter":1,"mutantmonsters:mutant_skeleton":1,"minecraft:creeper":2,"minecraft:zombie":6,"iceandfire:ghost":8,"creepycreepers:snowy_creeper":1,"enemyexpansion:huntsman":2,"alexsmobs:fly":1,"alexsmobs:crow":1,"enemyexpansion:wasp":1},"minecraft:picked_up":{"iceandfire:dread_stone_bricks":1,"minecraft:crafting_table":8,"mcwroofs:stone_bricks_upper_lower_roof":96,"iceandfire:armor_copper_metal_chestplate":1,"minecraft:shield":2,"mcwroofs:stone_bricks_lower_roof":51,"minecraft:string":1,"minecraft:red_bed":7,"minecraft:raw_copper":66,"minecraft:iron_leggings":1,"steam_powered:tin_ingot":62,"minecraft:armor_stand":1,"minecraft:white_carpet":2,"minecraft:cracked_stone_bricks":1,"steam_powered:raw_zinc":1,"minecraft:spruce_planks":5,"minecraft:beef":8,"mcwwindows:stripped_oak_log_four_window":1,"minecraft:redstone_torch":1,"minecraft:poppy":1,"minecraft:sugar_cane":38,"minecraft:spruce_trapdoor":2,"minecraft:birch_sapling":5,"mcwpaths:stone_windmill_weave":138,"minecraft:furnace":9,"minecraft:egg":1,"minecraft:raw_iron":11,"minecraft:stick":27,"iceandfire:ghost_chest":2,"minecraft:stone":26,"mcwpaths:stone_running_bond":1,"minecraft:copper_ingot":20,"minecraft:torch":5,"minecraft:porkchop":6,"mutantmonsters:mutant_skeleton_pelvis":1,"iceandfire:silver_ingot":10,"minecraft:arrow":9,"minecraft:rotten_flesh":37,"minecraft:hay_block":48,"minecraft:mutton":3,"minecraft:cod":2,"minecraft:snowball":27,"alexsmobs:lobster_tail":2,"minecraft:cobblestone":1043,"minecraft:birch_log":34,"iceandfire:sapphire_gem":5,"minecraft:feather":6,"minecraft:birch_slab":9,"minecraft:smoker":1,"minecraft:potato":28,"minecraft:birch_planks":6,"minecraft:oak_log":60,"iceandfire:dread_stone_bricks_cracked":2,"minecraft:yellow_bed":1,"minecraft:gunpowder":6,"mutantmonsters:mutant_skeleton_limb":1,"mcwwindows:oak_four_window":3,"minecraft:dirt":302,"minecraft:lantern":3,"minecraft:bone":14,"mcwroofs:stone_bricks_roof":10,"minecraft:kelp":150,"minecraft:apple":1,"minecraft:stone_bricks":25,"minecraft:stonecutter":2,"minecraft:wheat_seeds":4,"minecraft:iron_ingot":27,"minecraft:mossy_stone_bricks":1,"mcwtrpdoors:spruce_glass_trapdoor":1,"minecraft:oak_planks":11,"mcwdoors:spruce_japanese_door":3,"minecraft:sweet_berries":34,"mcwpaths:stone_crystal_floor":2,"minecraft:red_wool":2,"minecraft:sand":260,"minecraft:spruce_log":34,"minecraft:spider_eye":2,"iceandfire:silver_sword":1,"iceandfire:dread_stone_bricks_mossy":1,"steam_powered:raw_tin":53,"minecraft:bread":9,"alexsmobs:maggot":2,"minecraft:oak_sapling":36,"minecraft:black_wool":1,"mcwroofs:stone_bricks_top_roof":1,"minecraft:coal":380,"iceandfire:raw_silver":21},"minecraft:broken":{"iceandfire:silver_pickaxe":2,"minecraft:stone_axe":1,"minecraft:iron_pickaxe":1,"iceandfire:armor_silver_metal_chestplate":1,"iceandfire:armor_copper_metal_boots":2,"iceandfire:armor_copper_metal_helmet":2}},"DataVersion":3465}