{"stats":{"minecraft:killed":{"duckensinvasion:footsoldier_duck":10,"minecraft:spider":1,"alexsmobs:seagull":1,"enemyexpansion:direwolf":8,"duckensinvasion:raptor_duck":2,"minecraft:skeleton":2,"duckensinvasion:greatsword_duck":4,"duckensinvasion:armoured_duck":6,"duckensinvasion:ballista_duck":2,"duckensinvasion:duck_wyvern":3,"duckensinvasion:archer_duck":8,"alexsmobs:bison":1,"duckensinvasion:commaner_duckfighting":3,"alexsmobs:tusklin":1,"minecraft:pig":1,"alexsmobs:grizzly_bear":1,"minecraft:iron_golem":1,"duckensinvasion:axethrower":2,"minecraft:zombie":5,"iceandfire:ghost":7,"creepycreepers:snowy_creeper":1,"enemyexpansion:huntsman":2,"alexsmobs:crow":1},"minecraft:crafted":{"minecraft:stone_shovel":1,"minecraft:furnace":1,"iceandfire:armor_copper_metal_leggings":2,"iceandfire:armor_copper_metal_boots":2,"iceandfire:armor_copper_metal_helmet":2,"iceandfire:armor_silver_metal_chestplate":1,"minecraft:stone_pickaxe":1,"iceandfire:armor_copper_metal_chestplate":1,"minecraft:chest":2,"minecraft:wheat":432,"minecraft:cooked_beef":7,"iceandfire:silver_ingot":13,"minecraft:cooked_porkchop":6,"minecraft:crafting_table":5,"minecraft:spruce_planks":136,"minecraft:wooden_pickaxe":1,"minecraft:iron_sword":1,"minecraft:spruce_door":3,"minecraft:copper_ingot":33,"steam_powered:tin_ingot":28,"minecraft:stone_axe":1,"minecraft:bread":144,"minecraft:air":0,"minecraft:shield":1,"minecraft:stick":24,"minecraft:iron_ingot":8,"minecraft:iron_pickaxe":1,"minecraft:stone_sword":1,"minecraft:torch":24,"iceandfire:silver_pickaxe":1,"iceandfire:silver_sword":1},"minecraft:custom":{"minecraft:mob_kills":83,"minecraft:interact_with_crafting_table":37,"minecraft:open_barrel":4,"minecraft:damage_dealt_resisted":589,"minecraft:leave_game":1,"minecraft:time_since_death":15893,"minecraft:climb_one_cm":322,"minecraft:sprint_one_cm":290764,"minecraft:walk_one_cm":460838,"minecraft:damage_blocked_by_shield":350,"minecraft:drop":19,"minecraft:talked_to_villager":8,"minecraft:play_time":117158,"minecraft:deaths":3,"minecraft:sneak_time":49,"minecraft:walk_under_water_one_cm":363,"minecraft:jump":1972,"minecraft:walk_on_water_one_cm":6978,"minecraft:total_world_time":117158,"minecraft:interact_with_furnace":57,"minecraft:interact_with_cartography_table":1,"minecraft:interact_with_stonecutter":1,"minecraft:sleep_in_bed":3,"minecraft:time_since_rest":15988,"minecraft:damage_taken":4867,"minecraft:trigger_trapped_chest":7,"minecraft:damage_dealt":19805,"minecraft:fly_one_cm":419159,"minecraft:open_chest":18,"minecraft:crouch_one_cm":240,"minecraft:fall_one_cm":45240},"minecraft:dropped":{"minecraft:bread":71,"iceandfire:armor_copper_metal_chestplate":2,"minecraft:spruce_door":2,"minecraft:dirt":1,"iceandfire:silver_sword":1,"minecraft:armor_stand":1,"minecraft:sugar_cane":2,"minecraft:stone_sword":1,"minecraft:white_carpet":2,"minecraft:spruce_trapdoor":1,"minecraft:spider_eye":1,"iceandfire:armor_copper_metal_leggings":1},"minecraft:killed_by":{"alexsmobs:bison":1,"alexsmobs:tusklin":1},"minecraft:picked_up":{"minecraft:crafting_table":5,"iceandfire:armor_copper_metal_chestplate":1,"minecraft:shield":1,"minecraft:red_bed":4,"minecraft:string":1,"minecraft:raw_copper":53,"minecraft:iron_leggings":1,"minecraft:armor_stand":1,"steam_powered:tin_ingot":15,"minecraft:white_carpet":2,"minecraft:cracked_stone_bricks":1,"minecraft:spruce_planks":5,"minecraft:beef":8,"steam_powered:raw_zinc":1,"minecraft:redstone_torch":1,"minecraft:poppy":1,"minecraft:sugar_cane":2,"minecraft:spruce_trapdoor":2,"minecraft:furnace":7,"minecraft:egg":1,"minecraft:stick":3,"minecraft:raw_iron":8,"minecraft:copper_ingot":20,"minecraft:torch":3,"minecraft:porkchop":6,"minecraft:arrow":8,"minecraft:rotten_flesh":18,"minecraft:hay_block":48,"duckensinvasion:duck_feather":7,"minecraft:mutton":3,"minecraft:snowball":5,"minecraft:cobblestone":126,"iceandfire:sapphire_gem":5,"minecraft:smoker":1,"minecraft:oak_log":6,"minecraft:yellow_bed":1,"minecraft:dirt":7,"minecraft:lantern":1,"minecraft:bone":8,"minecraft:stone_bricks":2,"minecraft:stonecutter":1,"minecraft:iron_ingot":10,"minecraft:mossy_stone_bricks":1,"minecraft:oak_planks":2,"minecraft:red_wool":2,"minecraft:sand":22,"minecraft:spruce_log":34,"minecraft:spider_eye":1,"iceandfire:silver_sword":1,"steam_powered:raw_tin":47,"minecraft:bread":8,"minecraft:black_wool":1,"minecraft:coal":244,"iceandfire:raw_silver":20},"minecraft:broken":{"minecraft:stone_axe":1,"minecraft:iron_pickaxe":1,"iceandfire:armor_copper_metal_boots":1,"iceandfire:armor_copper_metal_helmet":1},"minecraft:mined":{"minecraft:spruce_planks":5,"iceandfire:silver_ore":22,"minecraft:glow_lichen":1,"minecraft:spruce_trapdoor":1,"minecraft:grass_block":4,"minecraft:spruce_leaves":3,"steam_powered:tin_ore":47,"minecraft:large_fern":2,"minecraft:hay_block":50,"steam_powered:zinc_ore":1,"minecraft:furnace":7,"minecraft:iron_ore":8,"minecraft:fire":8,"minecraft:vine":1,"minecraft:lantern":1,"minecraft:stone":126,"minecraft:red_wool":2,"minecraft:red_bed":4,"minecraft:brown_stained_glass_pane":1,"minecraft:smoker":1,"minecraft:snow_block":1,"minecraft:crafting_table":5,"minecraft:torch":1,"iceandfire:sapphire_ore":5,"minecraft:tall_grass":2,"minecraft:copper_ore":16,"minecraft:oak_planks":2,"minecraft:wall_torch":3,"minecraft:redstone_torch":1,"minecraft:white_carpet":2,"minecraft:spruce_log":33,"minecraft:yellow_bed":2,"minecraft:grass":3,"minecraft:oak_log":6,"minecraft:coal_ore":163,"minecraft:sand":22,"minecraft:dirt":3,"minecraft:cracked_stone_bricks":1,"minecraft:stonecutter":1,"minecraft:stone_bricks":3,"minecraft:mossy_stone_bricks":1},"minecraft:used":{"minecraft:stone_sword":54,"iceandfire:silver_sword":421,"minecraft:stone_shovel":29,"minecraft:chest":2,"minecraft:shield":12,"minecraft:iron_sword":95,"minecraft:torch":23,"minecraft:furnace":8,"minecraft:cooked_beef":7,"minecraft:spruce_door":1,"minecraft:stone_pickaxe":87,"minecraft:wooden_pickaxe":8,"minecraft:crafting_table":9,"minecraft:red_bed":4,"iceandfire:silver_pickaxe":68,"minecraft:bread":59,"minecraft:iron_pickaxe":251,"minecraft:stone_axe":110,"minecraft:cobblestone":4,"minecraft:cooked_porkchop":6,"alexsmobs:animal_dictionary":3}},"DataVersion":3465}