{"stats":{"minecraft:custom":{"minecraft:jump":27,"minecraft:time_since_rest":2539,"minecraft:crouch_one_cm":187,"minecraft:sprint_one_cm":2804,"minecraft:play_time":2539,"minecraft:damage_taken":230,"minecraft:time_since_death":2539,"minecraft:walk_one_cm":16579,"minecraft:sneak_time":17,"minecraft:total_world_time":2539,"minecraft:fall_one_cm":491,"minecraft:fly_one_cm":1027},"minecraft:picked_up":{"minecraft:sweet_berries":2},"minecraft:mined":{"minecraft:sweet_berry_bush":1,"minecraft:grass_block":1},"minecraft:used":{"alexsmobs:animal_dictionary":2,"minecraft:sweet_berries":2}},"DataVersion":3465}